city,dates,match_type,outcome,overs,player_of_match,venue,winner,opposition,toss_winner,toss_decision
,2017-02-17,T20,"{by={wickets=5}, winner=Sri Lanka}",20,[DAS Gunaratne],Melbourne Cricket Ground,Sri Lanka,Australia, Sri Lanka,field
Victoria,2017-02-19,T20,"{by={wickets=2}, winner=Sri Lanka}",20,[DAS Gunaratne],"Simonds Stadium, South Geelong",Sri Lanka,Australia, Sri Lanka,field
,2017-02-22,T20,"{by={runs=41}, winner=Australia}",20,[A Zampa],Adelaide Oval,Australia,Australia, Sri Lanka,field
London,2017-06-03,ODI,"{by={runs=96}, winner=South Africa}",50,[Imran Tahir],Kennington Oval,South Africa,South Africa, Sri Lanka,field
London,2017-06-08,ODI,"{by={wickets=7}, winner=Sri Lanka}",50,[BKG Mendis],Kennington Oval,Sri Lanka,India, Sri Lanka,field
Cardiff,2017-06-12,ODI,"{by={wickets=3}, winner=Pakistan}",50,[Sarfraz Ahmed],Sophia Gardens,Pakistan,Pakistan, Pakistan,field
,2016-09-18,ODI,"{by={wickets=4}, winner=Australia}",50,,Rangiri Dambulla International Stadium,Australia, Australia, Sri Lanka,bat
Colombo,2016-09-25,ODI,"{by={runs=137}, winner=Australia}",50,[NE Bolton],Khettarama Stadium,Australia, Australia, Australia,bat
Colombo,2016-09-27,T20,"{by={wickets=10}, winner=Australia}",20,[KM Beams],Sinhalese Sports Club Ground,Australia, Australia, Australia,field
Colombo,2016-11-15,ODI,"{by={wickets=5}, winner=England}",50,,R Premadasa Stadium,England, England, Sri Lanka,bat
Colombo,"2016-11-17, 2016-11-18",ODI,"{by={runs=162}, winner=England}",50,,R Premadasa Stadium,England, England, England,bat
,"2016-10-29, 2016-10-30, 2016-10-31, 2016-11-01, 2016-11-02",Test,"{by={runs=225}, winner=Sri Lanka}",,[AG Cremer],Harare Sports Club,Sri Lanka,Zimbabwe, Sri Lanka,bat
,"2016-11-06, 2016-11-07, 2016-11-08, 2016-11-09, 2016-11-10",Test,"{by={runs=257}, winner=Sri Lanka}",,[HMRKB Herath],Harare Sports Club,Sri Lanka,Zimbabwe, Zimbabwe,field
,2016-11-14,ODI,"{by={wickets=8}, winner=Sri Lanka}",50,[DM de Silva],Harare Sports Club,Sri Lanka,Zimbabwe, Sri Lanka,field
,2016-11-16,ODI,"{by={runs=62}, winner=West Indies}",50,[JO Holder],Harare Sports Club,West Indies, West Indies, Sri Lanka,field
Bulawayo,2016-11-21,ODI,{result=no result},50,,Queens Sports Club,no result,Zimbabwe, Zimbabwe,bat
Bulawayo,2016-11-23,ODI,"{by={runs=1}, winner=Sri Lanka}",50,[BKG Mendis],Queens Sports Club,Sri Lanka, West Indies, West Indies,field
Bulawayo,2016-11-27,ODI,"{by={wickets=6}, winner=Sri Lanka}",50,[BKG Mendis],Queens Sports Club,Sri Lanka,Zimbabwe, Zimbabwe,bat
Colombo,2016-11-09,ODI,"{by={wickets=8}, winner=England}",50,,Sinhalese Sports Club Ground,England, England, Sri Lanka,bat
Colombo,2017-02-07,ODI,"{by={runs=114}, winner=India}",50,[DP Vaidya],P Sara Oval,India, India, India,bat
Colombo,2017-02-08,ODI,"{by={runs=146}, winner=Sri Lanka}",50,[SIP Fernando],Nondescripts Cricket Club Ground,Sri Lanka, Ireland, Sri Lanka,bat
Colombo,2017-02-11,ODM,"{by={wickets=8}, winner=Sri Lanka}",50,[I Ranaweera],Nondescripts Cricket Club Ground,Sri Lanka, Zimbabwe, Zimbabwe,bat
Colombo,2017-02-13,ODM,"{by={wickets=7}, winner=Sri Lanka}",50,[PRCS Kumarihami],Mercantile Cricket Association Ground,Sri Lanka, Thailand, Thailand,bat
Colombo,2017-02-15,ODI,"{by={wickets=5}, winner=Sri Lanka}",50,[LE Kaushalya],Nondescripts Cricket Club Ground,Sri Lanka, Pakistan, Sri Lanka,field
Colombo,2017-02-17,ODI,"{by={wickets=9}, winner=South Africa}",50,[S Luus],P Sara Oval,South Africa, South Africa, Sri Lanka,bat
Colombo,2017-02-19,ODI,"{by={runs=42}, method=D/L, winner=Sri Lanka}",50,[AC Jayangani],Nondescripts Cricket Club Ground,Sri Lanka, Bangladesh, Bangladesh,field
,"2017-03-07, 2017-03-08, 2017-03-09, 2017-03-10, 2017-03-11",Test,"{by={runs=259}, winner=Sri Lanka}",,[BKG Mendis],Galle International Stadium,Sri Lanka, Bangladesh, Sri Lanka,bat
Colombo,"2017-03-15, 2017-03-16, 2017-03-17, 2017-03-18, 2017-03-19",Test,"{by={wickets=4}, winner=Bangladesh}",,[Tamim Iqbal],P Sara Oval,Bangladesh, Bangladesh, Sri Lanka,bat
,2017-03-25,ODI,"{by={runs=90}, winner=Bangladesh}",50,[Tamim Iqbal],Rangiri Dambulla International Stadium,Bangladesh, Bangladesh, Sri Lanka,field
,2017-03-28,ODI,{result=no result},50,,Rangiri Dambulla International Stadium,no result, Bangladesh, Sri Lanka,bat
Colombo,2017-04-01,ODI,"{by={runs=70}, winner=Sri Lanka}",50,[NLTC Perera],Sinhalese Sports Club Ground,Sri Lanka, Bangladesh, Bangladesh,field
Colombo,2017-04-04,T20,"{by={wickets=6}, winner=Sri Lanka}",20,[MDKJ Perera],R Premadasa Stadium,Sri Lanka, Bangladesh, Bangladesh,bat
Colombo,2017-04-06,T20,"{by={runs=45}, winner=Bangladesh}",20,[Shakib Al Hasan],R Premadasa Stadium,Bangladesh, Bangladesh, Bangladesh,bat
Bristol,2017-06-24,ODI,"{by={wickets=9}, winner=New Zealand}",50,[HR Huddleston],County Ground,New Zealand,New Zealand, New Zealand,field
Bristol,2017-06-29,ODI,"{by={wickets=8}, winner=Australia}",50,[AC Jayangani],County Ground,Australia,Australia, Australia,field
Taunton,2017-07-02,ODI,"{by={wickets=7}, winner=England}",50,[LA Marsh],County Ground,England,England, Sri Lanka,bat
Derby,2017-07-05,ODI,"{by={runs=16}, winner=India}",50,[DB Sharma],County Ground,India,India, India,bat
Derby,2017-07-09,ODI,"{by={runs=47}, winner=West Indies}",50,[A Mohammed],County Ground,West Indies, West Indies, Sri Lanka,field
Taunton,2017-07-12,ODI,"{by={wickets=8}, winner=South Africa}",50,[D van Niekerk],County Ground,South Africa,South Africa, Sri Lanka,bat
Leicester,2017-07-15,ODI,"{by={runs=15}, winner=Sri Lanka}",50,[HHC Gunaratne],Grace Road,Sri Lanka,Pakistan, Sri Lanka,bat
,2017-06-30,ODI,"{by={wickets=6}, winner=Zimbabwe}",50,[SF Mire],Galle International Stadium,Zimbabwe, Zimbabwe, Sri Lanka,bat
,2017-07-02,ODI,"{by={wickets=7}, winner=Sri Lanka}",50,[PADLR Sandakan],Galle International Stadium,Sri Lanka, Zimbabwe, Sri Lanka,field
Hambantota,2017-07-06,ODI,"{by={wickets=8}, winner=Sri Lanka}",50,[MD Gunathilaka],"Mahinda Rajapaksa International Cricket Stadium, Sooriyawewa",Sri Lanka, Zimbabwe, Sri Lanka,field
Hambantota,2017-07-08,ODI,"{by={wickets=4}, method=D/L, winner=Zimbabwe}",50,[CR Ervine],"Mahinda Rajapaksa International Cricket Stadium, Sooriyawewa",Zimbabwe, Zimbabwe, Sri Lanka,bat
Hambantota,2017-07-10,ODI,"{by={wickets=3}, winner=Zimbabwe}",50,[Sikandar Raza],"Mahinda Rajapaksa International Cricket Stadium, Sooriyawewa",Zimbabwe, Zimbabwe, Zimbabwe,field
London,2006-06-17,ODI,"{by={runs=20}, winner=Sri Lanka}",50,[WU Tharanga],Lord's,Sri Lanka,England, England,field
London,2006-06-20,ODI,"{by={runs=46}, winner=Sri Lanka}",50,[ST Jayasuriya],Kennington Oval,Sri Lanka,England, Sri Lanka,bat
Chester-le-Street,2006-06-24,ODI,"{by={wickets=8}, winner=Sri Lanka}",50,[DPMD Jayawardene],Riverside Ground,Sri Lanka,England, England,bat
Manchester,2006-06-28,ODI,"{by={runs=33}, winner=Sri Lanka}",50,[DPMD Jayawardene],Old Trafford,Sri Lanka,England, Sri Lanka,bat
Leeds,2006-07-01,ODI,"{by={wickets=8}, winner=Sri Lanka}",50,[ST Jayasuriya],Headingley,Sri Lanka,England, England,bat
Southampton,2006-06-15,T20,"{by={runs=2}, winner=Sri Lanka}",20,[ST Jayasuriya],The Rose Bowl,Sri Lanka,England, Sri Lanka,bat
,2006-01-22,ODI,"{by={runs=51}, winner=Sri Lanka}",50,[ST Jayasuriya],Sydney Cricket Ground,Sri Lanka,Australia, Sri Lanka,bat
,2006-01-26,ODI,"{by={wickets=5}, winner=Australia}",50,[A Symonds],Adelaide Oval,Australia,Australia, Sri Lanka,bat
Perth,2006-01-29,ODI,"{by={wickets=6}, winner=Australia}",50,[AC Gilchrist],Western Australia Cricket Association Ground,Australia,Australia, Sri Lanka,bat
Brisbane,2006-01-17,ODI,"{by={runs=94}, winner=Sri Lanka}",50,[KC Sangakkara],"Brisbane Cricket Ground, Woolloongabba",Sri Lanka,South Africa, South Africa,field
,2006-01-24,ODI,"{by={runs=9}, winner=South Africa}",50,[HH Dippenaar],Adelaide Oval,South Africa,South Africa, South Africa,bat
Perth,2006-01-31,ODI,"{by={wickets=5}, winner=South Africa}",50,[GC Smith],Western Australia Cricket Association Ground,South Africa,South Africa, Sri Lanka,bat
Hobart,2006-02-07,ODI,"{by={runs=76}, winner=Sri Lanka}",50,[HMCM Bandara],Bellerive Oval,Sri Lanka,South Africa, Sri Lanka,bat
Christchurch,2006-01-03,ODI,"{by={wickets=5}, winner=New Zealand}",50,[WU Tharanga],Jade Stadium,New Zealand,New Zealand, New Zealand,field
Wellington,2006-01-06,ODI,"{by={runs=21}, winner=New Zealand}",50,[JS Patel],Westpac Stadium,New Zealand,New Zealand, New Zealand,bat
,2006-02-10,ODI,"{by={runs=22}, winner=Sri Lanka}",50,[KC Sangakkara],Adelaide Oval,Sri Lanka,Australia, Sri Lanka,bat
,2006-02-12,ODI,"{by={runs=167}, winner=Australia}",50,[A Symonds],Sydney Cricket Ground,Australia,Australia, Australia,bat
Brisbane,2006-02-14,ODI,"{by={wickets=9}, winner=Australia}",50,[AC Gilchrist],"Brisbane Cricket Ground, Woolloongabba",Australia,Australia, Sri Lanka,bat
Bogra,2006-02-20,ODI,"{by={wickets=5}, winner=Sri Lanka}",50,[PDRL Perera],Shaheed Chandu Stadium,Sri Lanka,Bangladesh, Bangladesh,bat
Bogra,2006-02-22,ODI,"{by={wickets=4}, winner=Bangladesh}",50,[Aftab Ahmed],Shaheed Chandu Stadium,Bangladesh,Bangladesh, Bangladesh,field
,2006-02-25,ODI,"{by={runs=78}, winner=Sri Lanka}",50,[KC Sangakkara],Chittagong Divisional Stadium,Sri Lanka,Bangladesh, Bangladesh,field
Colombo,2006-03-17,ODI,{result=no result},50,,R Premadasa Stadium,no result, Pakistan, Sri Lanka,field
Colombo,2006-03-19,ODI,"{by={wickets=4}, winner=Pakistan}",50,[Abdul Razzaq],R Premadasa Stadium,Pakistan, Pakistan, Pakistan,field
Colombo,2006-03-22,ODI,"{by={wickets=4}, winner=Pakistan}",50,[Shahid Afridi],Sinhalese Sports Club Ground,Pakistan, Pakistan, Pakistan,field
Trinidad,2007-03-15,ODI,"{by={runs=243}, winner=Sri Lanka}",50,[DPMD Jayawardene],"Queen's Park Oval, Port of Spain",Sri Lanka,Bermuda, Sri Lanka,bat
Trinidad,2007-03-21,ODI,"{by={runs=198}, method=D/L, winner=Sri Lanka}",50,[ST Jayasuriya],"Queen's Park Oval, Port of Spain",Sri Lanka,Bangladesh, Bangladesh,field
Trinidad,2007-03-23,ODI,"{by={runs=69}, winner=Sri Lanka}",50,[M Muralitharan],"Queen's Park Oval, Port of Spain",Sri Lanka,India, India,field
Guyana,2007-03-28,ODI,"{by={wickets=1}, winner=South Africa}",50,"[CK Langeveldt, SL Malinga]",Providence Stadium,South Africa,South Africa, Sri Lanka,bat
Guyana,2007-04-01,ODI,"{by={runs=113}, winner=Sri Lanka}",50,[ST Jayasuriya],Providence Stadium,Sri Lanka,West Indies, West Indies,field
Antigua,2007-04-04,ODI,"{by={runs=2}, winner=Sri Lanka}",50,[RS Bopara],"Sir Vivian Richards Stadium, North Sound",Sri Lanka,England, England,field
Grenada,2007-04-12,ODI,"{by={wickets=6}, winner=Sri Lanka}",50,[WPUJC Vaas],"National Cricket Stadium, St George's",Sri Lanka,New Zealand, New Zealand,bat
Grenada,2007-04-16,ODI,"{by={wickets=7}, winner=Australia}",50,[NW Bracken],"National Cricket Stadium, St George's",Australia,Australia, Sri Lanka,bat
Grenada,2007-04-18,ODI,"{by={wickets=8}, winner=Sri Lanka}",50,[MF Maharoof],"National Cricket Stadium, St George's",Sri Lanka,Ireland, Sri Lanka,field
Jamaica,2007-04-24,ODI,"{by={runs=81}, winner=Sri Lanka}",50,[DPMD Jayawardene],"Sabina Park, Kingston",Sri Lanka,New Zealand, Sri Lanka,bat
Barbados,2007-04-28,ODI,"{by={runs=53}, method=D/L, winner=Australia}",50,[AC Gilchrist],"Kensington Oval, Bridgetown",Australia,Australia, Australia,bat
Chandigarh,2006-10-07,ODI,"{by={runs=37}, winner=Sri Lanka}",50,[WU Tharanga],"Punjab Cricket Association Stadium, Mohali",Sri Lanka,Bangladesh, Bangladesh,field
Ahmedabad,2006-10-10,ODI,"{by={runs=144}, winner=Sri Lanka}",50,[WU Tharanga],"Sardar Patel Stadium, Motera",Sri Lanka, Zimbabwe, Sri Lanka,bat
Mumbai,2006-10-14,ODI,"{by={wickets=9}, winner=Sri Lanka}",50,[MF Maharoof],Brabourne Stadium,Sri Lanka, West Indies, West Indies,bat
Jaipur,2006-10-17,ODI,"{by={wickets=4}, winner=Pakistan}",50,[Abdul Razzaq],Sawai Mansingh Stadium,Pakistan,Pakistan, Sri Lanka,bat
Mumbai,2006-10-20,ODI,"{by={wickets=7}, winner=Sri Lanka}",50,[M Muralitharan],Brabourne Stadium,Sri Lanka,New Zealand, New Zealand,bat
Ahmedabad,2006-10-24,ODI,"{by={runs=78}, winner=South Africa}",50,[SM Pollock],"Sardar Patel Stadium, Motera",South Africa,South Africa, Sri Lanka,field
Wellington,2006-12-22,T20,"{by={runs=18}, method=D/L, winner=Sri Lanka}",20,[ST Jayasuriya],Westpac Stadium,Sri Lanka,New Zealand, New Zealand,bat
Auckland,2006-12-26,T20,"{by={wickets=5}, winner=New Zealand}",20,[JEC Franklin],Eden Park,New Zealand,New Zealand, New Zealand,field
Napier,2006-12-28,ODI,"{by={wickets=7}, winner=Sri Lanka}",50,[ST Jayasuriya],McLean Park,Sri Lanka,New Zealand, New Zealand,bat
Christchurch,2007-01-02,ODI,"{by={wickets=4}, method=D/L, winner=New Zealand}",50,[MJ Mason],Jade Stadium,New Zealand,New Zealand, New Zealand,field
Auckland,2007-01-06,ODI,"{by={runs=189}, winner=Sri Lanka}",50,[ST Jayasuriya],Eden Park,Sri Lanka,New Zealand, Sri Lanka,bat
Colombo,"2006-08-18, 2006-08-19",ODI,{result=no result},50,,Sinhalese Sports Club Ground,no result, India, India,bat
Kolkata,2007-02-08,ODI,{result=no result},50,,Eden Gardens,no result,India, India,field
Rajkot,2007-02-11,ODI,"{by={runs=5}, winner=Sri Lanka}",50,[KC Sangakkara],Madhavrao Scindia Cricket Ground,Sri Lanka,India, India,field
Visakhapatnam,2007-02-17,ODI,"{by={wickets=7}, winner=India}",50,[LPC Silva],Andhra Cricket Association-Visakhapatnam District Cricket Association Stadium,India,India, India,field
Margao,2007-02-14,ODI,"{by={wickets=5}, winner=India}",50,[Z Khan],"Nehru Stadium, Fatorda",India,India, Sri Lanka,bat
Johannesburg,2007-09-14,T20,"{by={runs=172}, winner=Sri Lanka}",20,[ST Jayasuriya],New Wanderers Stadium,Sri Lanka,Kenya, Kenya,field
Johannesburg,2007-09-15,T20,"{by={wickets=7}, winner=Sri Lanka}",20,[ST Jayasuriya],New Wanderers Stadium,Sri Lanka,New Zealand, New Zealand,bat
Johannesburg,2007-09-17,T20,"{by={runs=33}, winner=Pakistan}",20,[Younis Khan],New Wanderers Stadium,Pakistan,Pakistan, Sri Lanka,field
Johannesburg,2007-09-18,T20,"{by={runs=64}, winner=Sri Lanka}",20,[CRD Fernando],New Wanderers Stadium,Sri Lanka,Bangladesh, Bangladesh,field
Cape Town,2007-09-20,T20,"{by={wickets=10}, winner=Australia}",20,[SR Clark],Newlands,Australia,Australia, Australia,field
,2007-10-01,ODI,"{by={runs=119}, winner=Sri Lanka}",50,[MF Maharoof],Rangiri Dambulla International Stadium,Sri Lanka, England, Sri Lanka,bat
,2007-10-04,ODI,"{by={runs=65}, winner=England}",50,[OA Shah],Rangiri Dambulla International Stadium,England, England, England,bat
Colombo,2007-10-10,ODI,"{by={wickets=5}, winner=England}",50,[AN Cook],R Premadasa Stadium,England, England, Sri Lanka,bat
Colombo,2007-10-13,ODI,"{by={runs=107}, winner=Sri Lanka}",50,[CRD Fernando],R Premadasa Stadium,Sri Lanka, England, Sri Lanka,bat
Brisbane,2008-02-05,ODI,{result=no result},50,,"Brisbane Cricket Ground, Woolloongabba",no result,India, India,bat
,2008-02-08,ODI,"{by={runs=128}, winner=Australia}",50,[NW Bracken],Sydney Cricket Ground,Australia,Australia, Australia,bat
Perth,2008-02-15,ODI,"{by={runs=63}, winner=Australia}",50,[AC Gilchrist],Western Australia Cricket Association Ground,Australia,Australia, Australia,bat
,2008-02-19,ODI,"{by={wickets=2}, winner=India}",50,[KC Sangakkara],Adelaide Oval,India,India, Sri Lanka,bat
,2008-02-22,ODI,"{by={runs=24}, method=D/L, winner=Australia}",50,[MEK Hussey],Melbourne Cricket Ground,Australia,Australia, Sri Lanka,field
Hobart,2008-02-26,ODI,"{by={wickets=7}, winner=India}",50,[P Kumar],Bellerive Oval,India,India, India,field
,2008-02-29,ODI,"{by={runs=13}, winner=Sri Lanka}",50,[AC Gilchrist],Melbourne Cricket Ground,Sri Lanka,Australia, Sri Lanka,bat
Colombo,2007-07-20,ODI,"{by={runs=70}, winner=Sri Lanka}",50,[CRD Fernando],P Saravanamuttu Stadium,Sri Lanka, Bangladesh, Bangladesh,field
Colombo,2007-07-23,ODI,"{by={wickets=5}, winner=Sri Lanka}",50,[ST Jayasuriya],R Premadasa Stadium,Sri Lanka, Bangladesh, Sri Lanka,field
Colombo,2007-07-25,ODI,"{by={runs=39}, winner=Sri Lanka}",50,[J Mubarak],R Premadasa Stadium,Sri Lanka, Bangladesh, Bangladesh,field
Guyana,"2008-03-22, 2008-03-23, 2008-03-24, 2008-03-25, 2008-03-26",Test,"{by={runs=121}, winner=Sri Lanka}",,[WPUJC Vaas],Providence Stadium,Sri Lanka,West Indies, Sri Lanka,bat
Trinidad,"2008-04-03, 2008-04-04, 2008-04-05, 2008-04-06",Test,"{by={wickets=6}, winner=West Indies}",,[RR Sarwan],"Queen's Park Oval, Port of Spain",West Indies,West Indies, West Indies,field
Trinidad,2008-04-10,ODI,"{by={wickets=1}, winner=West Indies}",50,[DJ Bravo],"Queen's Park Oval, Port of Spain",West Indies,West Indies, West Indies,field
Trinidad,2008-04-12,ODI,"{by={wickets=7}, method=D/L, winner=West Indies}",50,[S Chanderpaul],"Queen's Park Oval, Port of Spain",West Indies,West Indies, West Indies,field
St Lucia,2008-04-15,ODI,{result=no result},50,,"Beausejour Stadium, Gros Islet",no result,West Indies, West Indies,field
Lahore,2008-06-25,ODI,"{by={runs=131}, winner=Sri Lanka}",50,[KC Sangakkara],Gaddafi Stadium,Sri Lanka,Bangladesh, Bangladesh,field
Lahore,2008-06-26,ODI,"{by={runs=142}, winner=Sri Lanka}",50,[BAW Mendis],Gaddafi Stadium,Sri Lanka, United Arab Emirates, Sri Lanka,bat
Karachi,2008-06-29,ODI,"{by={runs=64}, winner=Sri Lanka}",50,[KC Sangakkara],National Stadium,Sri Lanka,Pakistan, Pakistan,field
Karachi,2008-06-30,ODI,"{by={runs=158}, winner=Sri Lanka}",50,[ST Jayasuriya],National Stadium,Sri Lanka,Bangladesh, Sri Lanka,bat
Karachi,2008-07-03,ODI,"{by={wickets=6}, winner=India}",50,[MS Dhoni],National Stadium,India,India, Sri Lanka,bat
Karachi,2008-07-06,ODI,"{by={runs=100}, winner=Sri Lanka}",50,[BAW Mendis],National Stadium,Sri Lanka,India, India,field
Colombo,"2008-07-23, 2008-07-24, 2008-07-25, 2008-07-26",Test,"{by={innings=1, runs=239}, winner=Sri Lanka}",,[M Muralitharan],Sinhalese Sports Club Ground,Sri Lanka, India, Sri Lanka,bat
,"2008-07-31, 2008-08-01, 2008-08-02, 2008-08-03",Test,"{by={runs=170}, winner=India}",,[V Sehwag],Galle International Stadium,India, India, India,bat
Colombo,"2008-08-08, 2008-08-09, 2008-08-10, 2008-08-11",Test,"{by={wickets=8}, winner=Sri Lanka}",,[KC Sangakkara],P Saravanamuttu Stadium,Sri Lanka, India, India,bat
,2008-08-18,ODI,"{by={wickets=8}, winner=Sri Lanka}",50,[BAW Mendis],Rangiri Dambulla International Stadium,Sri Lanka, India, India,bat
,2008-08-20,ODI,"{by={wickets=3}, winner=India}",50,[Z Khan],Rangiri Dambulla International Stadium,India, India, India,field
Colombo,2008-08-24,ODI,"{by={runs=33}, winner=India}",50,[MS Dhoni],R Premadasa Stadium,India, India, India,bat
Colombo,2008-08-29,ODI,"{by={runs=112}, method=D/L, winner=Sri Lanka}",50,[KMDN Kulasekara],R Premadasa Stadium,Sri Lanka, India, Sri Lanka,bat
Nottingham,2009-06-08,T20,"{by={wickets=6}, winner=Sri Lanka}",20,[KC Sangakkara],Trent Bridge,Sri Lanka,Australia, Sri Lanka,field
Nottingham,2009-06-10,T20,"{by={runs=15}, winner=Sri Lanka}",20,[ST Jayasuriya],Trent Bridge,Sri Lanka, West Indies, West Indies,field
London,2009-06-12,T20,"{by={runs=19}, winner=Sri Lanka}",20,[TM Dilshan],Lord's,Sri Lanka,Pakistan, Sri Lanka,bat
London,2009-06-14,T20,"{by={runs=9}, winner=Sri Lanka}",20,[DPMD Jayawardene],Lord's,Sri Lanka,Ireland, Sri Lanka,bat
Nottingham,2009-06-16,T20,"{by={runs=48}, winner=Sri Lanka}",20,[BAW Mendis],Trent Bridge,Sri Lanka,New Zealand, Sri Lanka,bat
London,2009-06-19,T20,"{by={runs=57}, winner=Sri Lanka}",20,[TM Dilshan],Kennington Oval,Sri Lanka, West Indies, West Indies,field
London,2009-06-21,T20,"{by={wickets=8}, winner=Pakistan}",20,[Shahid Afridi],Lord's,Pakistan,Pakistan, Sri Lanka,bat
King City,2008-10-11,T20,"{by={wickets=3}, winner=Pakistan}",20,[Shoaib Malik],Maple Leaf North-West Ground,Pakistan,Pakistan, Pakistan,field
King City,2008-10-13,T20,"{by={wickets=5}, winner=Sri Lanka}",20,[ST Jayasuriya],Maple Leaf North-West Ground,Sri Lanka,Pakistan, Sri Lanka,field
Colombo,2008-08-27,ODI,"{by={runs=46}, winner=India}",50,[SK Raina],R Premadasa Stadium,India, India, India,bat
,2008-11-20,ODI,"{by={wickets=6}, winner=Sri Lanka}",50,[M Muralitharan],Harare Sports Club,Sri Lanka,Zimbabwe, Sri Lanka,field
,2008-11-22,ODI,"{by={wickets=9}, winner=Sri Lanka}",50,[BAW Mendis],Harare Sports Club,Sri Lanka,Zimbabwe, Zimbabwe,bat
,2008-11-24,ODI,"{by={runs=5}, winner=Sri Lanka}",50,[H Masakadza],Harare Sports Club,Sri Lanka,Zimbabwe, Zimbabwe,field
,2008-11-30,ODI,"{by={runs=19}, winner=Sri Lanka}",50,[M Muralitharan],Harare Sports Club,Sri Lanka,Zimbabwe, Zimbabwe,field
,"2009-01-03, 2009-01-04, 2009-01-05, 2009-01-06",Test,"{by={runs=465}, winner=Sri Lanka}",,[TM Dilshan],Chittagong Divisional Stadium,Sri Lanka,Bangladesh, Sri Lanka,bat
Mirpur,2009-01-14,ODI,"{by={wickets=5}, winner=Bangladesh}",50,[Shakib Al Hasan],Shere Bangla National Stadium,Bangladesh,Bangladesh, Bangladesh,field
Karachi,2009-01-20,ODI,"{by={wickets=8}, winner=Pakistan}",50,[Salman Butt],National Stadium,Pakistan,Pakistan, Sri Lanka,bat
Karachi,2009-01-21,ODI,"{by={runs=129}, winner=Sri Lanka}",50,[TM Dilshan],National Stadium,Sri Lanka,Pakistan, Pakistan,field
Lahore,2009-01-24,ODI,"{by={runs=234}, winner=Sri Lanka}",50,[TM Dilshan],Gaddafi Stadium,Sri Lanka,Pakistan, Sri Lanka,bat
,2009-01-28,ODI,"{by={wickets=6}, winner=India}",50,[ST Jayasuriya],Rangiri Dambulla International Stadium,India, India, India,field
Colombo,2009-01-31,ODI,"{by={runs=15}, winner=India}",50,[I Sharma],R Premadasa Stadium,India, India, India,bat
Colombo,2009-02-03,ODI,"{by={runs=147}, winner=India}",50,[Yuvraj Singh],R Premadasa Stadium,India, India, India,bat
Colombo,2009-02-05,ODI,"{by={runs=67}, winner=India}",50,[G Gambhir],R Premadasa Stadium,India, India, India,bat
Colombo,2009-02-08,ODI,"{by={runs=68}, winner=Sri Lanka}",50,[KC Sangakkara],R Premadasa Stadium,Sri Lanka, India, Sri Lanka,bat
Colombo,2009-02-10,T20,"{by={wickets=3}, winner=India}",20,[YK Pathan],R Premadasa Stadium,India, India, Sri Lanka,bat
Karachi,"2009-02-21, 2009-02-22, 2009-02-23, 2009-02-24, 2009-02-25",Test,{result=draw},,[Younis Khan],National Stadium,draw,Pakistan, Sri Lanka,bat
Lahore,"2009-03-01, 2009-03-02, 2009-03-03, 2009-03-04, 2009-03-05",Test,{result=draw},,,Gaddafi Stadium,draw,Pakistan, Pakistan,field
,"2009-07-04, 2009-07-05, 2009-07-06, 2009-07-07",Test,"{by={runs=50}, winner=Sri Lanka}",,[HMRKB Herath],Galle International Stadium,Sri Lanka, Pakistan, Pakistan,field
Colombo,"2009-07-12, 2009-07-13, 2009-07-14",Test,"{by={wickets=7}, winner=Sri Lanka}",,"[Fawad Alam, KMDN Kulasekara]",P Sara Oval,Sri Lanka, Pakistan, Pakistan,bat
Colombo,"2009-07-20, 2009-07-21, 2009-07-22, 2009-07-23, 2009-07-24",Test,{result=draw},,[KC Sangakkara],Sinhalese Sports Club Ground,draw, Pakistan, Sri Lanka,field
,2009-07-30,ODI,"{by={runs=36}, winner=Sri Lanka}",50,[M Muralitharan],Rangiri Dambulla International Stadium,Sri Lanka, Pakistan, Pakistan,field
,2009-08-01,ODI,"{by={wickets=6}, winner=Sri Lanka}",50,[CK Kapugedera],Rangiri Dambulla International Stadium,Sri Lanka, Pakistan, Sri Lanka,field
,2009-08-03,ODI,"{by={wickets=6}, winner=Sri Lanka}",50,[DPMD Jayawardene],Rangiri Dambulla International Stadium,Sri Lanka, Pakistan, Sri Lanka,field
Colombo,2009-08-07,ODI,"{by={runs=146}, winner=Pakistan}",50,[Umar Akmal],R Premadasa Stadium,Pakistan, Pakistan, Pakistan,bat
Colombo,2009-08-09,ODI,"{by={runs=132}, winner=Pakistan}",50,[Naved-ul-Hasan],R Premadasa Stadium,Pakistan, Pakistan, Pakistan,bat
Colombo,2009-08-12,T20,"{by={runs=52}, winner=Pakistan}",20,[Shahid Afridi],R Premadasa Stadium,Pakistan, Pakistan, Pakistan,bat
,"2009-08-18, 2009-08-19, 2009-08-20, 2009-08-21, 2009-08-22",Test,"{by={runs=202}, winner=Sri Lanka}",,[TM Dilshan],Galle International Stadium,Sri Lanka, New Zealand, New Zealand,field
Colombo,"2009-08-26, 2009-08-27, 2009-08-28, 2009-08-29, 2009-08-30",Test,"{by={runs=96}, winner=Sri Lanka}",,[DPMD Jayawardene],Sinhalese Sports Club Ground,Sri Lanka, New Zealand, Sri Lanka,bat
Colombo,2009-09-08,ODI,"{by={runs=97}, winner=Sri Lanka}",50,[TT Samaraweera],R Premadasa Stadium,Sri Lanka, New Zealand, Sri Lanka,bat
Colombo,2009-09-12,ODI,"{by={runs=139}, winner=Sri Lanka}",50,[AD Mathews],R Premadasa Stadium,Sri Lanka, India, Sri Lanka,bat
Colombo,2009-09-14,ODI,"{by={runs=46}, winner=India}",50,[SR Tendulkar],R Premadasa Stadium,India, India, India,bat
Colombo,2009-09-02,T20,"{by={runs=3}, winner=New Zealand}",20,[DL Vettori],R Premadasa Stadium,New Zealand, New Zealand, New Zealand,bat
Colombo,2009-09-04,T20,"{by={runs=22}, winner=New Zealand}",20,[JD Ryder],R Premadasa Stadium,New Zealand, New Zealand, New Zealand,bat
Guyana,2010-04-30,T20,"{by={wickets=2}, winner=New Zealand}",20,[NL McCullum],Providence Stadium,New Zealand,New Zealand, Sri Lanka,bat
Guyana,2010-05-03,T20,"{by={runs=14}, method=D/L, winner=Sri Lanka}",20,[DPMD Jayawardene],Providence Stadium,Sri Lanka, Zimbabwe, Sri Lanka,bat
Barbados,2010-05-07,T20,"{by={runs=57}, winner=Sri Lanka}",20,[DPMD Jayawardene],"Kensington Oval, Bridgetown",Sri Lanka,West Indies, Sri Lanka,bat
Barbados,2010-05-09,T20,"{by={runs=81}, winner=Australia}",20,[CL White],"Kensington Oval, Bridgetown",Australia,Australia, Australia,bat
St Lucia,2010-05-11,T20,"{by={wickets=5}, winner=Sri Lanka}",20,[AD Mathews],"Beausejour Stadium, Gros Islet",Sri Lanka,India, India,bat
St Lucia,2010-05-13,T20,"{by={wickets=7}, winner=England}",20,[SCJ Broad],"Beausejour Stadium, Gros Islet",England,England, Sri Lanka,bat
Centurion,2009-09-22,ODI,"{by={runs=55}, method=D/L, winner=Sri Lanka}",50,[TM Dilshan],SuperSport Park,Sri Lanka,South Africa, South Africa,field
Johannesburg,2009-09-25,ODI,"{by={wickets=6}, winner=England}",50,[PD Collingwood],New Wanderers Stadium,England,England, England,field
Johannesburg,2009-09-27,ODI,"{by={runs=38}, winner=New Zealand}",50,[DL Vettori],New Wanderers Stadium,New Zealand,New Zealand, Sri Lanka,field
Ahmedabad,"2009-11-16, 2009-11-17, 2009-11-18, 2009-11-19, 2009-11-20",Test,{result=draw},,[DPMD Jayawardene],"Sardar Patel Stadium, Motera",draw,India, India,bat
Kanpur,"2009-11-24, 2009-11-25, 2009-11-26, 2009-11-27",Test,"{by={innings=1, runs=144}, winner=India}",,[S Sreesanth],Green Park,India,India, India,bat
Mumbai,"2009-12-02, 2009-12-03, 2009-12-04, 2009-12-05, 2009-12-06",Test,"{by={innings=1, runs=24}, winner=India}",,[V Sehwag],Brabourne Stadium,India,India, Sri Lanka,bat
Nagpur,2009-12-09,T20,"{by={runs=29}, winner=Sri Lanka}",20,[KC Sangakkara],"Vidarbha Cricket Association Stadium, Jamtha",Sri Lanka,India, India,field
Chandigarh,2009-12-12,T20,"{by={wickets=6}, winner=India}",20,[Yuvraj Singh],"Punjab Cricket Association Stadium, Mohali",India,India, Sri Lanka,bat
Rajkot,2009-12-15,ODI,"{by={runs=3}, winner=India}",50,[V Sehwag],Madhavrao Scindia Cricket Ground,India,India, Sri Lanka,field
Nagpur,2009-12-18,ODI,"{by={wickets=3}, winner=Sri Lanka}",50,[TM Dilshan],"Vidarbha Cricket Association Stadium, Jamtha",Sri Lanka,India, India,bat
Cuttack,2009-12-21,ODI,"{by={wickets=7}, winner=India}",50,[RA Jadeja],Barabati Stadium,India,India, Sri Lanka,bat
Kolkata,2009-12-24,ODI,"{by={wickets=7}, winner=India}",50,[G Gambhir],Eden Gardens,India,India, Sri Lanka,bat
Delhi,2009-12-27,ODI,{result=no result},50,,Feroz Shah Kotla,no result,India, India,field
Hambantota,2011-02-20,ODI,"{by={runs=210}, winner=Sri Lanka}",50,[DPMD Jayawardene],"Mahinda Rajapaksa International Cricket Stadium, Sooriyawewa",Sri Lanka, Canada, Sri Lanka,bat
Colombo,2011-02-26,ODI,"{by={runs=11}, winner=Pakistan}",50,[Shahid Afridi],R Premadasa Stadium,Pakistan, Pakistan, Pakistan,bat
Colombo,2011-03-01,ODI,"{by={wickets=9}, winner=Sri Lanka}",50,[SL Malinga],R Premadasa Stadium,Sri Lanka, Kenya, Kenya,bat
Colombo,2011-03-05,ODI,{result=no result},50,,R Premadasa Stadium,no result, Australia, Sri Lanka,bat
,2011-03-10,ODI,"{by={runs=139}, winner=Sri Lanka}",50,[TM Dilshan],Pallekele International Cricket Stadium,Sri Lanka, Zimbabwe, Zimbabwe,field
Mumbai,2011-03-18,ODI,"{by={runs=112}, winner=Sri Lanka}",50,[KC Sangakkara],Wankhede Stadium,Sri Lanka,New Zealand, Sri Lanka,bat
Colombo,2011-03-26,ODI,"{by={wickets=10}, winner=Sri Lanka}",50,[TM Dilshan],R Premadasa Stadium,Sri Lanka, England, England,bat
Colombo,2011-03-29,ODI,"{by={wickets=5}, winner=Sri Lanka}",50,[KC Sangakkara],R Premadasa Stadium,Sri Lanka, New Zealand, New Zealand,bat
Mumbai,2011-04-02,ODI,"{by={wickets=6}, winner=India}",50,[MS Dhoni],Wankhede Stadium,India,India, Sri Lanka,bat
Mirpur,2010-01-04,ODI,"{by={wickets=7}, winner=Sri Lanka}",50,[TM Dilshan],Shere Bangla National Stadium,Sri Lanka,Bangladesh, Sri Lanka,field
Mirpur,2010-01-05,ODI,"{by={wickets=5}, winner=Sri Lanka}",50,[TT Samaraweera],Shere Bangla National Stadium,Sri Lanka,India, Sri Lanka,field
Mirpur,2010-01-08,ODI,"{by={wickets=9}, winner=Sri Lanka}",50,[WU Tharanga],Shere Bangla National Stadium,Sri Lanka,Bangladesh, Sri Lanka,field
Mirpur,2010-01-10,ODI,"{by={wickets=8}, winner=India}",50,[Z Khan],Shere Bangla National Stadium,India,India, Sri Lanka,bat
Mirpur,2010-01-13,ODI,"{by={wickets=4}, winner=Sri Lanka}",50,[KMDN Kulasekara],Shere Bangla National Stadium,Sri Lanka,India, Sri Lanka,field
Perth,2010-10-31,T20,"{by={wickets=7}, winner=Sri Lanka}",20,[S Randiv],Western Australia Cricket Association Ground,Sri Lanka,Australia, Australia,bat
,2010-11-03,ODI,"{by={wickets=1}, winner=Sri Lanka}",50,[AD Mathews],Melbourne Cricket Ground,Sri Lanka,Australia, Australia,bat
,2010-11-05,ODI,"{by={runs=29}, method=D/L, winner=Sri Lanka}",50,[WU Tharanga],Sydney Cricket Ground,Sri Lanka,Australia, Sri Lanka,bat
Brisbane,2010-11-07,ODI,"{by={wickets=8}, winner=Australia}",50,[CJ McKay],"Brisbane Cricket Ground, Woolloongabba",Australia,Australia, Sri Lanka,bat
Bulawayo,2010-05-30,ODI,"{by={wickets=7}, winner=India}",50,[RG Sharma],Queens Sports Club,India,India, India,field
Bulawayo,2010-06-01,ODI,"{by={wickets=9}, winner=Sri Lanka}",50,[S Randiv],Queens Sports Club,Sri Lanka,Zimbabwe, Sri Lanka,field
,2010-06-05,ODI,"{by={wickets=6}, winner=Sri Lanka}",50,[LD Chandimal],Harare Sports Club,Sri Lanka,India, Sri Lanka,field
,2010-06-07,ODI,"{by={wickets=8}, winner=Zimbabwe}",50,[BRM Taylor],Harare Sports Club,Zimbabwe,Zimbabwe, Zimbabwe,field
,2010-06-09,ODI,"{by={wickets=9}, winner=Sri Lanka}",50,[TM Dilshan],Harare Sports Club,Sri Lanka,Zimbabwe, Sri Lanka,field
,2010-06-15,ODI,"{by={runs=16}, winner=Sri Lanka}",50,[Shahid Afridi],Rangiri Dambulla International Stadium,Sri Lanka, Pakistan, Sri Lanka,bat
,2010-06-18,ODI,"{by={runs=126}, winner=Sri Lanka}",50,[TM Dilshan],Rangiri Dambulla International Stadium,Sri Lanka, Bangladesh, Sri Lanka,bat
,2010-06-22,ODI,"{by={wickets=7}, winner=Sri Lanka}",50,[MF Maharoof],Rangiri Dambulla International Stadium,Sri Lanka, India, Sri Lanka,field
,2010-06-24,ODI,"{by={runs=81}, winner=India}",50,[KD Karthik],Rangiri Dambulla International Stadium,India, India, India,bat
,2010-08-16,ODI,"{by={wickets=6}, winner=India}",50,[V Sehwag],Rangiri Dambulla International Stadium,India, India, Sri Lanka,bat
,2010-08-13,ODI,"{by={wickets=3}, winner=Sri Lanka}",50,[WU Tharanga],Rangiri Dambulla International Stadium,Sri Lanka, New Zealand, New Zealand,bat
,2010-08-22,ODI,"{by={wickets=8}, winner=Sri Lanka}",50,[NLTC Perera],Rangiri Dambulla International Stadium,Sri Lanka, India, India,bat
,2010-08-28,ODI,"{by={runs=74}, winner=Sri Lanka}",50,[TM Dilshan],Rangiri Dambulla International Stadium,Sri Lanka, India, Sri Lanka,bat
,"2010-07-18, 2010-07-19, 2010-07-20, 2010-07-21, 2010-07-22",Test,"{by={wickets=10}, winner=Sri Lanka}",,[SL Malinga],Galle International Stadium,Sri Lanka, India, Sri Lanka,bat
Colombo,"2010-07-26, 2010-07-27, 2010-07-28, 2010-07-29, 2010-07-30",Test,{result=draw},,[KC Sangakkara],Sinhalese Sports Club Ground,draw, India, Sri Lanka,bat
Colombo,"2010-08-03, 2010-08-04, 2010-08-05, 2010-08-06, 2010-08-07",Test,"{by={wickets=5}, winner=India}",,[VVS Laxman],P Sara Oval,India, India, Sri Lanka,bat
Lauderhill,2010-05-22,T20,"{by={runs=28}, winner=New Zealand}",20,[SB Styris],Central Broward Regional Park Stadium Turf Ground,New Zealand,New Zealand, New Zealand,bat
Lauderhill,2010-05-23,T20,"{by={wickets=7}, winner=Sri Lanka}",20,[KMDN Kulasekara],Central Broward Regional Park Stadium Turf Ground,Sri Lanka,New Zealand, New Zealand,bat
,"2010-11-15, 2010-11-16, 2010-11-17, 2010-11-18, 2010-11-19",Test,{result=draw},,[CH Gayle],Galle International Stadium,draw, West Indies, West Indies,bat
Colombo,"2010-11-23, 2010-11-24, 2010-11-25, 2010-11-26, 2010-11-27",Test,{result=draw},,[KC Sangakkara],R Premadasa Stadium,draw, West Indies, Sri Lanka,bat
,"2010-12-01, 2010-12-02, 2010-12-03, 2010-12-04, 2010-12-05",Test,{result=draw},,,Pallekele International Cricket Stadium,draw, West Indies, Sri Lanka,field
Colombo,2011-01-31,ODI,{result=no result},50,,Sinhalese Sports Club Ground,no result, West Indies, West Indies,bat
Colombo,2011-02-03,ODI,"{by={wickets=8}, method=D/L, winner=Sri Lanka}",50,[WU Tharanga],Sinhalese Sports Club Ground,Sri Lanka, West Indies, Sri Lanka,field
Colombo,2011-02-06,ODI,"{by={runs=26}, winner=Sri Lanka}",50,[KC Sangakkara],Sinhalese Sports Club Ground,Sri Lanka, West Indies, West Indies,field
,"2010-08-19, 2010-08-20",ODI,{result=no result},50,,Rangiri Dambulla International Stadium,no result, New Zealand, New Zealand,field
Cardiff,"2011-05-26, 2011-05-27, 2011-05-28, 2011-05-29, 2011-05-30",Test,"{by={innings=1, runs=14}, winner=England}",,[IJL Trott],Sophia Gardens,England,England, Sri Lanka,bat
London,"2011-06-03, 2011-06-04, 2011-06-05, 2011-06-06, 2011-06-07",Test,{result=draw},,[TM Dilshan],Lord's,draw,England, Sri Lanka,field
Southampton,"2011-06-16, 2011-06-17, 2011-06-18, 2011-06-19, 2011-06-20",Test,{result=draw},,[CT Tremlett],The Rose Bowl,draw,England, England,field
Bristol,2011-06-25,T20,"{by={wickets=9}, winner=Sri Lanka}",20,[DPMD Jayawardene],County Ground,Sri Lanka,England, Sri Lanka,field
London,2011-06-28,ODI,"{by={runs=110}, method=D/L, winner=England}",50,[JM Anderson],Kennington Oval,England,England, Sri Lanka,field
Leeds,2011-07-01,ODI,"{by={runs=69}, winner=Sri Lanka}",50,[DPMD Jayawardene],Headingley,Sri Lanka,England, England,field
London,2011-07-03,ODI,"{by={wickets=6}, winner=Sri Lanka}",50,[LD Chandimal],Lord's,Sri Lanka,England, England,bat
Nottingham,2011-07-06,ODI,"{by={wickets=10}, method=D/L, winner=England}",50,[AN Cook],Trent Bridge,England,England, England,field
Manchester,2011-07-09,ODI,"{by={runs=16}, winner=England}",50,[IJL Trott],Old Trafford,England,England, England,bat
Centurion,"2011-12-15, 2011-12-16, 2011-12-17",Test,"{by={innings=1, runs=81}, winner=South Africa}",,[VD Philander],SuperSport Park,South Africa,South Africa, South Africa,field
Durban,"2011-12-26, 2011-12-27, 2011-12-28, 2011-12-29",Test,"{by={runs=208}, winner=Sri Lanka}",,[HMRKB Herath],Kingsmead,Sri Lanka,South Africa, Sri Lanka,bat
Cape Town,"2012-01-03, 2012-01-04, 2012-01-05, 2012-01-06",Test,"{by={wickets=10}, winner=South Africa}",,[JH Kallis],Newlands,South Africa,South Africa, Sri Lanka,field
Paarl,2012-01-11,ODI,"{by={runs=258}, winner=South Africa}",50,[M Morkel],Boland Park,South Africa,South Africa, South Africa,bat
East London,2012-01-14,ODI,"{by={wickets=5}, winner=South Africa}",50,[JP Duminy],Buffalo Park,South Africa,South Africa, South Africa,field
Bloemfontein,2012-01-17,ODI,"{by={runs=4}, method=D/L, winner=South Africa}",50,[F du Plessis],Chevrolet Park,South Africa,South Africa, Sri Lanka,bat
Kimberley,2012-01-20,ODI,"{by={wickets=5}, winner=Sri Lanka}",50,[NLTC Perera],De Beers Diamond Oval,Sri Lanka,South Africa, South Africa,bat
Johannesburg,2012-01-22,ODI,"{by={wickets=2}, winner=Sri Lanka}",50,[KC Sangakkara],New Wanderers Stadium,Sri Lanka,South Africa, Sri Lanka,field
,2011-08-06,T20,"{by={runs=35}, winner=Sri Lanka}",20,[TM Dilshan],Pallekele International Cricket Stadium,Sri Lanka, Australia, Australia,field
,2011-08-08,T20,"{by={runs=8}, winner=Sri Lanka}",20,[BAW Mendis],Pallekele International Cricket Stadium,Sri Lanka, Australia, Sri Lanka,bat
,2011-08-10,ODI,"{by={wickets=7}, winner=Australia}",50,[MG Johnson],Pallekele International Cricket Stadium,Australia, Australia, Sri Lanka,bat
Hambantota,2011-08-14,ODI,"{by={wickets=8}, winner=Australia}",50,[RT Ponting],"Mahinda Rajapaksa International Cricket Stadium, Sooriyawewa",Australia, Australia, Sri Lanka,bat
Hambantota,2011-08-16,ODI,"{by={runs=78}, winner=Sri Lanka}",50,[WU Tharanga],"Mahinda Rajapaksa International Cricket Stadium, Sooriyawewa",Sri Lanka, Australia, Australia,field
Colombo,2011-08-20,ODI,"{by={wickets=5}, winner=Australia}",50,[XJ Doherty],R Premadasa Stadium,Australia, Australia, Sri Lanka,bat
Colombo,2011-08-22,ODI,"{by={wickets=4}, winner=Sri Lanka}",50,[SL Malinga],R Premadasa Stadium,Sri Lanka, Australia, Sri Lanka,field
,"2011-08-31, 2011-09-01, 2011-09-02, 2011-09-03",Test,"{by={runs=125}, winner=Australia}",,[MEK Hussey],Galle International Stadium,Australia, Australia, Australia,bat
,"2011-09-08, 2011-09-09, 2011-09-10, 2011-09-11, 2011-09-12",Test,{result=draw},,[MEK Hussey],Pallekele International Cricket Stadium,draw, Australia, Sri Lanka,bat
Colombo,"2011-09-16, 2011-09-17, 2011-09-18, 2011-09-19, 2011-09-20",Test,{result=draw},,[MEK Hussey],Sinhalese Sports Club Ground,draw, Australia, Sri Lanka,field
Perth,2012-02-08,ODI,"{by={wickets=4}, winner=India}",50,[R Ashwin],Western Australia Cricket Association Ground,India,India, Sri Lanka,bat
Perth,2012-02-10,ODI,"{by={runs=5}, winner=Australia}",50,[MJ Clarke],Western Australia Cricket Association Ground,Australia,Australia, Sri Lanka,field
,2012-02-14,ODI,{result=tie},50,[MS Dhoni],Adelaide Oval,tie,India, Sri Lanka,bat
,2012-02-17,ODI,"{by={wickets=8}, method=D/L, winner=Sri Lanka}",50,[NLTC Perera],Sydney Cricket Ground,Sri Lanka,Australia, Australia,bat
Brisbane,2012-02-21,ODI,"{by={runs=51}, winner=Sri Lanka}",50,[KMDN Kulasekara],"Brisbane Cricket Ground, Woolloongabba",Sri Lanka,India, Sri Lanka,bat
Hobart,2012-02-24,ODI,"{by={wickets=3}, winner=Sri Lanka}",50,[DPMD Jayawardene],Bellerive Oval,Sri Lanka,Australia, Australia,bat
Hobart,2012-02-28,ODI,"{by={wickets=7}, winner=India}",50,[V Kohli],Bellerive Oval,India,India, India,field
,2012-03-02,ODI,"{by={runs=9}, winner=Sri Lanka}",50,[LD Chandimal],Melbourne Cricket Ground,Sri Lanka,Australia, Sri Lanka,bat
Brisbane,2012-03-04,ODI,"{by={runs=15}, winner=Australia}",50,[DA Warner],"Brisbane Cricket Ground, Woolloongabba",Australia,Australia, Australia,bat
,2012-03-06,ODI,"{by={wickets=8}, winner=Sri Lanka}",50,[TM Dilshan],Adelaide Oval,Sri Lanka,Australia, Australia,bat
,2012-03-08,ODI,"{by={runs=16}, winner=Australia}",50,[CJ McKay],Adelaide Oval,Australia,Australia, Sri Lanka,field
,"2012-03-26, 2012-03-27, 2012-03-28, 2012-03-29",Test,"{by={runs=75}, winner=Sri Lanka}",,[HMRKB Herath],Galle International Stadium,Sri Lanka, England, Sri Lanka,bat
Colombo,"2012-04-03, 2012-04-04, 2012-04-05, 2012-04-06, 2012-04-07",Test,"{by={wickets=8}, winner=England}",,[KP Pietersen],P Sara Oval,England, England, Sri Lanka,bat
Abu Dhabi,"2011-10-18, 2011-10-19, 2011-10-20, 2011-10-21, 2011-10-22",Test,{result=draw},,[KC Sangakkara],Sheikh Zayed Stadium,draw,Pakistan, Pakistan,field
,"2011-10-26, 2011-10-27, 2011-10-28, 2011-10-29",Test,"{by={wickets=9}, winner=Pakistan}",,[Saeed Ajmal],Dubai International Cricket Stadium,Pakistan,Pakistan, Sri Lanka,bat
,"2011-11-03, 2011-11-04, 2011-11-05, 2011-11-06, 2011-11-07",Test,{result=draw},,[KC Sangakkara],Sharjah Cricket Stadium,draw,Pakistan, Sri Lanka,bat
,2011-11-11,ODI,"{by={wickets=8}, winner=Pakistan}",50,[Shahid Afridi],Dubai International Cricket Stadium,Pakistan,Pakistan, Sri Lanka,bat
,2011-11-14,ODI,"{by={runs=25}, winner=Sri Lanka}",50,[SL Malinga],Dubai International Cricket Stadium,Sri Lanka,Pakistan, Sri Lanka,bat
,2011-11-18,ODI,"{by={runs=21}, winner=Pakistan}",50,[Mohammad Hafeez],Dubai International Cricket Stadium,Pakistan,Pakistan, Pakistan,bat
,2011-11-20,ODI,"{by={runs=26}, winner=Pakistan}",50,[Shahid Afridi],Sharjah Cricket Stadium,Pakistan,Pakistan, Pakistan,bat
Abu Dhabi,2011-11-23,ODI,"{by={wickets=3}, winner=Pakistan}",50,[Umar Akmal],Sheikh Zayed Stadium,Pakistan,Pakistan, Sri Lanka,bat
Abu Dhabi,2011-11-25,T20,"{by={wickets=5}, winner=Pakistan}",20,[Aizaz Cheema],Sheikh Zayed Stadium,Pakistan,Pakistan, Sri Lanka,bat
Hambantota,2012-09-18,T20,"{by={runs=82}, winner=Sri Lanka}",20,[BAW Mendis],"Mahinda Rajapaksa International Cricket Stadium, Sooriyawewa",Sri Lanka, Zimbabwe, Zimbabwe,field
Hambantota,2012-09-22,T20,"{by={runs=32}, winner=South Africa}",20,[AB de Villiers],"Mahinda Rajapaksa International Cricket Stadium, Sooriyawewa",South Africa, South Africa, Sri Lanka,field
,2012-09-27,T20,"{eliminator=Sri Lanka, result=tie}",20,[TM Dilshan],Pallekele International Cricket Stadium,tie, New Zealand, New Zealand,bat
,2012-09-29,T20,"{by={wickets=9}, winner=Sri Lanka}",20,[DPMD Jayawardene],Pallekele International Cricket Stadium,Sri Lanka, West Indies, West Indies,bat
,2012-10-01,T20,"{by={runs=19}, winner=Sri Lanka}",20,[SL Malinga],Pallekele International Cricket Stadium,Sri Lanka, England, England,field
Colombo,2012-10-04,T20,"{by={runs=16}, winner=Sri Lanka}",20,[DPMD Jayawardene],R Premadasa Stadium,Sri Lanka, Pakistan, Sri Lanka,bat
Colombo,2012-10-07,T20,"{by={runs=36}, winner=West Indies}",20,[MN Samuels],R Premadasa Stadium,West Indies, West Indies, West Indies,bat
,2012-09-26,T20,"{by={wickets=6}, winner=South Africa}",20,[T Chetty],Galle International Stadium,South Africa, South Africa, South Africa,field
,2012-09-28,T20,"{by={runs=5}, method=D/L, winner=Sri Lanka}",20,[CR Seneviratna],Galle International Stadium,Sri Lanka, West Indies, West Indies,field
,2012-09-30,T20,"{by={wickets=8}, winner=New Zealand}",20,[SJ McGlashan],Galle International Stadium,New Zealand, New Zealand, Sri Lanka,bat
Mirpur,2012-03-13,ODI,"{by={runs=50}, winner=India}",50,[V Kohli],Shere Bangla National Stadium,India,India, Sri Lanka,field
Mirpur,2012-03-15,ODI,"{by={wickets=6}, winner=Pakistan}",50,[Aizaz Cheema],Shere Bangla National Stadium,Pakistan,Pakistan, Sri Lanka,bat
Mirpur,2012-03-20,ODI,"{by={wickets=5}, method=D/L, winner=Bangladesh}",50,[Shakib Al Hasan],Shere Bangla National Stadium,Bangladesh,Bangladesh, Bangladesh,field
Hambantota,2012-06-01,T20,"{by={runs=37}, winner=Sri Lanka}",20,[NLTC Perera],"Mahinda Rajapaksa International Cricket Stadium, Sooriyawewa",Sri Lanka, Pakistan, Sri Lanka,bat
Hambantota,2012-06-03,T20,"{by={runs=23}, winner=Pakistan}",20,[Shahid Afridi],"Mahinda Rajapaksa International Cricket Stadium, Sooriyawewa",Pakistan, Pakistan, Pakistan,bat
,2012-06-07,ODI,"{by={wickets=6}, method=D/L, winner=Pakistan}",50,[Umar Gul],Pallekele International Cricket Stadium,Pakistan, Pakistan, Sri Lanka,bat
,2012-06-09,ODI,"{by={runs=76}, winner=Sri Lanka}",50,[NLTC Perera],Pallekele International Cricket Stadium,Sri Lanka, Pakistan, Sri Lanka,bat
Colombo,2012-06-13,ODI,{result=no result},50,,R Premadasa Stadium,no result, Pakistan, Pakistan,bat
Colombo,2012-06-16,ODI,"{by={runs=44}, winner=Sri Lanka}",50,[NLTC Perera],R Premadasa Stadium,Sri Lanka, Pakistan, Sri Lanka,bat
Colombo,2012-06-18,ODI,"{by={wickets=2}, winner=Sri Lanka}",50,[AD Mathews],R Premadasa Stadium,Sri Lanka, Pakistan, Pakistan,bat
,"2012-06-22, 2012-06-23, 2012-06-24, 2012-06-25",Test,"{by={runs=209}, winner=Sri Lanka}",,[KC Sangakkara],Galle International Stadium,Sri Lanka, Pakistan, Sri Lanka,bat
Colombo,"2012-06-30, 2012-07-01, 2012-07-02, 2012-07-03, 2012-07-04",Test,{result=draw},,[Junaid Khan],Sinhalese Sports Club Ground,draw, Pakistan, Sri Lanka,field
,"2012-07-08, 2012-07-09, 2012-07-10, 2012-07-11, 2012-07-12",Test,{result=draw},,[Asad Shafiq],Pallekele International Cricket Stadium,draw, Pakistan, Sri Lanka,field
Hambantota,2012-07-21,ODI,"{by={runs=21}, winner=India}",50,[V Kohli],"Mahinda Rajapaksa International Cricket Stadium, Sooriyawewa",India, India, India,bat
Hambantota,2012-07-24,ODI,"{by={wickets=9}, winner=Sri Lanka}",50,[NLTC Perera],"Mahinda Rajapaksa International Cricket Stadium, Sooriyawewa",Sri Lanka, India, India,bat
Colombo,2012-07-28,ODI,"{by={wickets=5}, winner=India}",50,[SK Raina],R Premadasa Stadium,India, India, Sri Lanka,bat
Colombo,2012-07-31,ODI,"{by={wickets=6}, winner=India}",50,[V Kohli],R Premadasa Stadium,India, India, Sri Lanka,bat
,2012-08-04,ODI,"{by={runs=20}, winner=India}",50,[IK Pathan],Pallekele International Cricket Stadium,India, India, India,bat
,2012-08-07,T20,"{by={runs=39}, winner=India}",20,[IK Pathan],Pallekele International Cricket Stadium,India, India, Sri Lanka,field
Cardiff,2013-06-20,ODI,"{by={wickets=8}, winner=India}",50,[I Sharma],Sophia Gardens,India,India, India,field
Hobart,"2012-12-14, 2012-12-15, 2012-12-16, 2012-12-17, 2012-12-18",Test,"{by={runs=137}, winner=Australia}",,[PM Siddle],Bellerive Oval,Australia,Australia, Australia,bat
,"2012-12-26, 2012-12-27, 2012-12-28",Test,"{by={innings=1, runs=201}, winner=Australia}",,[MG Johnson],Melbourne Cricket Ground,Australia,Australia, Sri Lanka,bat
,"2013-01-03, 2013-01-04, 2013-01-05, 2013-01-06",Test,"{by={wickets=5}, winner=Australia}",,[JM Bird],Sydney Cricket Ground,Australia,Australia, Australia,field
,2013-01-11,ODI,"{by={runs=107}, winner=Australia}",50,[PJ Hughes],Melbourne Cricket Ground,Australia,Australia, Australia,bat
,2013-01-13,ODI,"{by={wickets=8}, winner=Sri Lanka}",50,[HDRL Thirimanne],Adelaide Oval,Sri Lanka,Australia, Sri Lanka,field
Brisbane,2013-01-18,ODI,"{by={wickets=4}, winner=Sri Lanka}",50,[KMDN Kulasekara],"Brisbane Cricket Ground, Woolloongabba",Sri Lanka,Australia, Australia,bat
,2013-01-20,ODI,{result=no result},50,,Sydney Cricket Ground,no result,Australia, Australia,bat
Hobart,2013-01-23,ODI,"{by={runs=32}, winner=Australia}",50,[PJ Hughes],Bellerive Oval,Australia,Australia, Sri Lanka,field
Sydney,2013-01-26,T20,"{by={wickets=5}, winner=Sri Lanka}",20,[DA Warner],Stadium Australia,Sri Lanka,Australia, Australia,bat
,2013-01-28,T20,"{by={runs=2}, method=D/L, winner=Sri Lanka}",20,[NLTC Perera],Melbourne Cricket Ground,Sri Lanka,Australia, Australia,field
Cardiff,2013-06-09,ODI,"{by={wickets=1}, winner=New Zealand}",50,[NL McCullum],Sophia Gardens,New Zealand,New Zealand, Sri Lanka,bat
London,2013-06-13,ODI,"{by={wickets=7}, winner=Sri Lanka}",50,[KC Sangakkara],Kennington Oval,Sri Lanka,England, Sri Lanka,field
London,2013-06-17,ODI,"{by={runs=20}, winner=Sri Lanka}",50,[DPMD Jayawardene],Kennington Oval,Sri Lanka,Australia, Australia,field
,2012-10-30,T20,{result=no result},20,,Pallekele International Cricket Stadium,no result, New Zealand, Sri Lanka,field
,2012-11-04,ODI,"{by={runs=14}, method=D/L, winner=Sri Lanka}",50,[SL Malinga],Pallekele International Cricket Stadium,Sri Lanka, New Zealand, New Zealand,bat
,2012-11-06,ODI,"{by={wickets=7}, method=D/L, winner=Sri Lanka}",50,[TM Dilshan],Pallekele International Cricket Stadium,Sri Lanka, New Zealand, Sri Lanka,field
Hambantota,2012-11-10,ODI,"{by={wickets=7}, method=D/L, winner=Sri Lanka}",50,[BMAJ Mendis],"Mahinda Rajapaksa International Cricket Stadium, Sooriyawewa",Sri Lanka, New Zealand, Sri Lanka,field
Hambantota,2012-11-12,ODI,{result=no result},50,,"Mahinda Rajapaksa International Cricket Stadium, Sooriyawewa",no result, New Zealand, New Zealand,field
,"2012-11-17, 2012-11-18, 2012-11-19",Test,"{by={wickets=10}, winner=Sri Lanka}",,[HMRKB Herath],Galle International Stadium,Sri Lanka, New Zealand, New Zealand,bat
Colombo,"2012-11-25, 2012-11-26, 2012-11-27, 2012-11-28, 2012-11-29",Test,"{by={runs=167}, winner=New Zealand}",,[LRPL Taylor],P Sara Oval,New Zealand, New Zealand, New Zealand,bat
Colombo,2012-10-03,T20,"{by={wickets=9}, winner=India}",20,[E Bisht],Nondescripts Cricket Club Ground,India, India, Sri Lanka,bat
,2012-10-28,T20,"{by={runs=5}, winner=Bangladesh}",20,[Salma Khatun],Guanggong International Cricket Stadium,Bangladesh,Bangladesh, Sri Lanka,field
Mumbai,2013-02-01,ODI,"{by={wickets=1}, winner=Sri Lanka}",50,[LE Kaushalya],Brabourne Stadium,Sri Lanka,England, Sri Lanka,field
Mumbai,2013-02-05,ODI,"{by={runs=138}, winner=Sri Lanka}",50,[HMD Rasangika],Brabourne Stadium,Sri Lanka,India, Sri Lanka,bat
Mumbai,2013-02-10,ODI,"{by={wickets=9}, winner=Australia}",50,[EA Osborne],Brabourne Stadium,Australia,Australia, Australia,field
Jamaica,2013-06-28,ODI,"{by={wickets=6}, winner=West Indies}",50,[CH Gayle],"Sabina Park, Kingston",West Indies,West Indies, West Indies,field
Jamaica,2013-07-02,ODI,"{by={runs=161}, winner=Sri Lanka}",50,[WU Tharanga],"Sabina Park, Kingston",Sri Lanka,India, India,field
Trinidad,"2013-07-07, 2013-07-08",ODI,"{by={runs=39}, method=D/L, winner=Sri Lanka}",50,[KC Sangakkara],"Queen's Park Oval, Port of Spain",Sri Lanka,West Indies, West Indies,field
Trinidad,2013-07-09,ODI,"{by={runs=81}, method=D/L, winner=India}",50,[B Kumar],"Queen's Park Oval, Port of Spain",India,India, Sri Lanka,field
Trinidad,2013-07-11,ODI,"{by={wickets=1}, winner=India}",50,[MS Dhoni],"Queen's Park Oval, Port of Spain",India,India, India,field
,"2013-03-08, 2013-03-09, 2013-03-10, 2013-03-11, 2013-03-12",Test,{result=draw},,[Mushfiqur Rahim],Galle International Stadium,draw, Bangladesh, Sri Lanka,bat
Colombo,"2013-03-16, 2013-03-17, 2013-03-18, 2013-03-19",Test,"{by={wickets=7}, winner=Sri Lanka}",,[HMRKB Herath],R Premadasa Stadium,Sri Lanka, Bangladesh, Sri Lanka,field
Hambantota,2013-03-23,ODI,"{by={wickets=8}, method=D/L, winner=Sri Lanka}",50,[TM Dilshan],"Mahinda Rajapaksa International Cricket Stadium, Sooriyawewa",Sri Lanka, Bangladesh, Sri Lanka,field
Hambantota,2013-03-25,ODI,{result=no result},50,,"Mahinda Rajapaksa International Cricket Stadium, Sooriyawewa",no result, Bangladesh, Bangladesh,field
,2013-03-28,ODI,"{by={wickets=3}, method=D/L, winner=Bangladesh}",50,[TM Dilshan],Pallekele International Cricket Stadium,Bangladesh, Bangladesh, Sri Lanka,bat
,2013-03-31,T20,"{by={runs=17}, winner=Sri Lanka}",20,[MDKJ Perera],Pallekele International Cricket Stadium,Sri Lanka, Bangladesh, Bangladesh,field
,2013-02-22,ODI,"{by={wickets=4}, winner=West Indies}",50,,Rangiri Dambulla International Stadium,West Indies, West Indies, Sri Lanka,bat
,2013-02-24,ODI,"{by={wickets=4}, winner=Sri Lanka}",50,,Rangiri Dambulla International Stadium,Sri Lanka, West Indies, West Indies,bat
,2013-02-26,ODI,"{by={runs=33}, winner=West Indies}",50,,Rangiri Dambulla International Stadium,West Indies, West Indies, Sri Lanka,field
Colombo,2013-03-03,T20,"{by={wickets=6}, winner=West Indies}",20,,R Premadasa Stadium,West Indies, West Indies, Sri Lanka,bat
Colombo,2013-03-05,T20,"{by={runs=34}, winner=West Indies}",20,,R Premadasa Stadium,West Indies, West Indies, Sri Lanka,field
Colombo,2013-03-08,T20,"{by={runs=7}, winner=West Indies}",20,,R Premadasa Stadium,West Indies, West Indies, West Indies,bat
Colombo,2013-07-20,ODI,"{by={runs=180}, winner=Sri Lanka}",50,[KC Sangakkara],R Premadasa Stadium,Sri Lanka, South Africa, South Africa,field
Colombo,2013-07-23,ODI,"{by={runs=17}, method=D/L, winner=Sri Lanka}",50,[LD Chandimal],R Premadasa Stadium,Sri Lanka, South Africa, Sri Lanka,bat
,2013-07-26,ODI,"{by={runs=56}, winner=South Africa}",50,[DA Miller],Pallekele International Cricket Stadium,South Africa, South Africa, South Africa,bat
,2013-07-28,ODI,"{by={wickets=8}, winner=Sri Lanka}",50,[TM Dilshan],Pallekele International Cricket Stadium,Sri Lanka, South Africa, South Africa,bat
Colombo,2013-07-31,ODI,"{by={runs=128}, winner=Sri Lanka}",50,[TM Dilshan],R Premadasa Stadium,Sri Lanka, South Africa, Sri Lanka,bat
Colombo,2013-08-02,T20,"{by={runs=12}, winner=South Africa}",20,[JP Duminy],R Premadasa Stadium,South Africa, South Africa, South Africa,bat
Hambantota,2013-08-04,T20,"{by={runs=22}, winner=South Africa}",20,[DA Miller],"Mahinda Rajapaksa International Cricket Stadium, Sooriyawewa",South Africa, South Africa, South Africa,bat
Hambantota,2013-08-06,T20,"{by={wickets=6}, winner=Sri Lanka}",20,[TM Dilshan],"Mahinda Rajapaksa International Cricket Stadium, Sooriyawewa",Sri Lanka, South Africa, South Africa,bat
Dublin,2013-07-25,IT20,"{by={wickets=10}, winner=Sri Lanka}",20,[LE Kaushalya],Merrion Cricket Club Ground,Sri Lanka,Japan, Sri Lanka,field
Dublin,2013-07-29,IT20,"{by={runs=33}, method=D/L, winner=Sri Lanka}",20,[HMD Rasangika],YMCA Cricket Club,Sri Lanka,Netherlands, Netherlands,field
Dublin,"2013-07-31, 2013-08-01",T20,{result=no result},20,,YMCA Cricket Club,no result,Pakistan, Sri Lanka,field
Christchurch,2015-02-14,ODI,"{by={runs=98}, winner=New Zealand}",50,[CJ Anderson],Hagley Oval,New Zealand,New Zealand, Sri Lanka,field
Dunedin,2015-02-22,ODI,"{by={wickets=4}, winner=Sri Lanka}",50,[DPMD Jayawardene],University Oval,Sri Lanka,Afghanistan, Sri Lanka,field
,2015-02-26,ODI,"{by={runs=92}, winner=Sri Lanka}",50,[TM Dilshan],Melbourne Cricket Ground,Sri Lanka,Bangladesh, Sri Lanka,bat
Wellington,2015-03-01,ODI,"{by={wickets=9}, winner=Sri Lanka}",50,[KC Sangakkara],Westpac Stadium,Sri Lanka,England, England,bat
,2015-03-08,ODI,"{by={runs=64}, winner=Australia}",50,[GJ Maxwell],Sydney Cricket Ground,Australia,Australia, Australia,bat
Hobart,2015-03-11,ODI,"{by={runs=148}, winner=Sri Lanka}",50,[KC Sangakkara],Bellerive Oval,Sri Lanka,Scotland, Sri Lanka,bat
,2015-03-18,ODI,"{by={wickets=9}, winner=South Africa}",50,[Imran Tahir],Sydney Cricket Ground,South Africa,South Africa, Sri Lanka,bat
,2013-12-11,T20,"{by={wickets=3}, winner=Pakistan}",20,[Shahid Afridi],Dubai International Cricket Stadium,Pakistan,Pakistan, Pakistan,field
,2013-12-13,T20,"{by={runs=24}, winner=Sri Lanka}",20,[MDKJ Perera],Dubai International Cricket Stadium,Sri Lanka,Pakistan, Pakistan,field
,2013-12-18,ODI,"{by={runs=11}, winner=Pakistan}",50,[Mohammad Hafeez],Sharjah Cricket Stadium,Pakistan,Pakistan, Pakistan,bat
,2013-12-20,ODI,"{by={wickets=2}, winner=Sri Lanka}",50,[AD Mathews],Dubai International Cricket Stadium,Sri Lanka,Pakistan, Sri Lanka,field
,2013-12-22,ODI,"{by={runs=113}, winner=Pakistan}",50,[Mohammad Hafeez],Sharjah Cricket Stadium,Pakistan,Pakistan, Sri Lanka,field
Abu Dhabi,2013-12-25,ODI,"{by={wickets=8}, winner=Pakistan}",50,[Mohammad Hafeez],Sheikh Zayed Stadium,Pakistan,Pakistan, Sri Lanka,bat
Abu Dhabi,2013-12-27,ODI,"{by={wickets=2}, winner=Sri Lanka}",50,[LD Chandimal],Sheikh Zayed Stadium,Sri Lanka,Pakistan, Pakistan,bat
Abu Dhabi,"2013-12-31, 2014-01-01, 2014-01-02, 2014-01-03, 2014-01-04",Test,{result=draw},,[AD Mathews],Sheikh Zayed Stadium,draw,Pakistan, Pakistan,field
,"2014-01-08, 2014-01-09, 2014-01-10, 2014-01-11, 2014-01-12",Test,"{by={wickets=9}, winner=Sri Lanka}",,[DPMD Jayawardene],Dubai International Cricket Stadium,Sri Lanka,Pakistan, Sri Lanka,field
,"2014-01-16, 2014-01-17, 2014-01-18, 2014-01-19, 2014-01-20",Test,"{by={wickets=5}, winner=Pakistan}",,[Azhar Ali],Sharjah Cricket Stadium,Pakistan,Pakistan, Sri Lanka,bat
London,2014-05-20,T20,"{by={runs=9}, winner=Sri Lanka}",20,[NLTC Perera],Kennington Oval,Sri Lanka,England, England,field
London,2014-05-22,ODI,"{by={runs=81}, method=D/L, winner=England}",50,[CJ Jordan],Kennington Oval,England,England, Sri Lanka,field
Chester-le-Street,2014-05-25,ODI,"{by={runs=157}, winner=Sri Lanka}",50,[TM Dilshan],Riverside Ground,Sri Lanka,England, England,field
Manchester,2014-05-28,ODI,"{by={wickets=10}, winner=England}",50,[CJ Jordan],Old Trafford,England,England, England,field
London,2014-05-31,ODI,"{by={runs=7}, winner=Sri Lanka}",50,[JC Buttler],Lord's,Sri Lanka,England, England,field
Birmingham,2014-06-03,ODI,"{by={wickets=6}, winner=Sri Lanka}",50,[HDRL Thirimanne],Edgbaston,Sri Lanka,England, England,bat
London,"2014-06-12, 2014-06-13, 2014-06-14, 2014-06-15, 2014-06-16",Test,{result=draw},,[JE Root],Lord's,draw,England, Sri Lanka,field
Leeds,"2014-06-20, 2014-06-21, 2014-06-22, 2014-06-23, 2014-06-24",Test,"{by={runs=100}, winner=Sri Lanka}",,[AD Mathews],Headingley,Sri Lanka,England, England,field
Potchefstroom,2013-10-26,ODI,"{by={runs=67}, winner=South Africa}",50,[M du Preez],Senwes Park,South Africa,South Africa, Sri Lanka,field
Potchefstroom,2013-10-28,ODI,{result=no result},50,,Senwes Park,no result,South Africa, South Africa,field
Potchefstroom,2013-10-31,T20,"{by={wickets=7}, winner=South Africa}",20,[HML Madushani],Senwes Park,South Africa,South Africa, South Africa,field
Potchefstroom,2013-11-02,T20,"{by={runs=20}, winner=Sri Lanka}",20,[HASD Siriwardene],Senwes Park,Sri Lanka,South Africa, South Africa,field
Potchefstroom,2013-11-04,T20,"{by={wickets=5}, winner=South Africa}",20,[S Loubser],Senwes Park,South Africa,South Africa, South Africa,field
Hambantota,2013-11-10,ODI,{result=no result},50,,"Mahinda Rajapaksa International Cricket Stadium, Sooriyawewa",no result, New Zealand, New Zealand,field
Hambantota,2013-11-12,ODI,"{by={wickets=4}, method=D/L, winner=New Zealand}",50,[TWM Latham],"Mahinda Rajapaksa International Cricket Stadium, Sooriyawewa",New Zealand, New Zealand, Sri Lanka,bat
,2013-11-16,ODI,"{by={runs=36}, method=D/L, winner=Sri Lanka}",50,[SMSM Senanayake],Rangiri Dambulla International Stadium,Sri Lanka, New Zealand, New Zealand,field
,2013-11-21,T20,"{by={wickets=8}, winner=Sri Lanka}",20,[MDKJ Perera],Pallekele International Cricket Stadium,Sri Lanka, New Zealand, Sri Lanka,field
Chittagong,2014-03-22,T20,"{by={runs=5}, winner=Sri Lanka}",20,[MDKJ Perera],Zahur Ahmed Chowdhury Stadium,Sri Lanka,South Africa, Sri Lanka,bat
Chittagong,2014-03-24,T20,"{by={wickets=9}, winner=Sri Lanka}",20,[AD Mathews],Zahur Ahmed Chowdhury Stadium,Sri Lanka,Netherlands, Sri Lanka,field
Chittagong,2014-03-27,T20,"{by={wickets=6}, winner=England}",20,[AD Hales],Zahur Ahmed Chowdhury Stadium,England,England, England,field
Chittagong,2014-03-31,T20,"{by={runs=59}, winner=Sri Lanka}",20,[HMRKB Herath],Zahur Ahmed Chowdhury Stadium,Sri Lanka,New Zealand, New Zealand,field
Mirpur,2014-04-03,T20,"{by={runs=27}, method=D/L, winner=Sri Lanka}",20,[AD Mathews],Shere Bangla National Stadium,Sri Lanka, West Indies, Sri Lanka,bat
Mirpur,2014-04-06,T20,"{by={wickets=6}, winner=Sri Lanka}",20,[KC Sangakkara],Shere Bangla National Stadium,Sri Lanka,India, Sri Lanka,field
,2014-03-24,T20,"{by={runs=22}, winner=Sri Lanka}",20,[KDU Prabodhani],Sylhet Stadium,Sri Lanka,India, Sri Lanka,bat
,2014-03-28,T20,"{by={wickets=8}, winner=West Indies}",20,[SF Daley],Sylhet Stadium,West Indies, West Indies, Sri Lanka,bat
,2014-03-30,T20,"{by={wickets=7}, winner=England}",20,[A Shrubsole],Sylhet Stadium,England,England, Sri Lanka,bat
,2014-04-01,T20,"{by={runs=3}, winner=Bangladesh}",20,[Rumana Ahmed],Sylhet Stadium,Bangladesh,Bangladesh, Bangladesh,bat
,2014-04-02,T20,"{by={wickets=6}, winner=New Zealand}",20,[RH Priest],Sylhet Stadium,New Zealand,New Zealand, Sri Lanka,bat
Mirpur,"2014-01-27, 2014-01-28, 2014-01-29, 2014-01-30",Test,"{by={innings=1, runs=248}, winner=Sri Lanka}",,[DPMD Jayawardene],Shere Bangla National Stadium,Sri Lanka,Bangladesh, Sri Lanka,field
Chittagong,"2014-02-04, 2014-02-05, 2014-02-06, 2014-02-07, 2014-02-08",Test,{result=draw},,[KC Sangakkara],Zahur Ahmed Chowdhury Stadium,draw,Bangladesh, Sri Lanka,bat
Chittagong,2014-02-12,T20,"{by={runs=2}, winner=Sri Lanka}",20,[MDKJ Perera],Zahur Ahmed Chowdhury Stadium,Sri Lanka,Bangladesh, Bangladesh,field
Chittagong,2014-02-14,T20,"{by={wickets=3}, winner=Sri Lanka}",20,[NLTC Perera],Zahur Ahmed Chowdhury Stadium,Sri Lanka,Bangladesh, Bangladesh,bat
Mirpur,2014-02-17,ODI,"{by={runs=13}, winner=Sri Lanka}",50,[NLTC Perera],Shere Bangla National Stadium,Sri Lanka,Bangladesh, Bangladesh,field
Mirpur,2014-02-20,ODI,"{by={runs=61}, winner=Sri Lanka}",50,[KC Sangakkara],Shere Bangla National Stadium,Sri Lanka,Bangladesh, Sri Lanka,bat
Mirpur,2014-02-22,ODI,"{by={wickets=6}, winner=Sri Lanka}",50,[MDKJ Perera],Shere Bangla National Stadium,Sri Lanka,Bangladesh, Sri Lanka,field
Dublin,2014-05-06,ODI,"{by={runs=79}, winner=Sri Lanka}",50,[BAW Mendis],Clontarf Cricket Club Ground,Sri Lanka,Ireland, Ireland,field
Fatullah,2014-02-25,ODI,"{by={runs=12}, winner=Sri Lanka}",50,[SL Malinga],Khan Shaheb Osman Ali Stadium,Sri Lanka,Pakistan, Sri Lanka,bat
Fatullah,2014-02-28,ODI,"{by={wickets=2}, winner=Sri Lanka}",50,[KC Sangakkara],Khan Shaheb Osman Ali Stadium,Sri Lanka,India, Sri Lanka,field
Mirpur,2014-03-03,ODI,"{by={runs=129}, winner=Sri Lanka}",50,[KC Sangakkara],Shere Bangla National Stadium,Sri Lanka,Afghanistan, Sri Lanka,bat
Mirpur,2014-03-06,ODI,"{by={wickets=3}, winner=Sri Lanka}",50,[AD Mathews],Shere Bangla National Stadium,Sri Lanka,Bangladesh, Bangladesh,bat
Mirpur,2014-03-08,ODI,"{by={wickets=5}, winner=Sri Lanka}",50,[SL Malinga],Shere Bangla National Stadium,Sri Lanka,Pakistan, Pakistan,bat
,2014-04-03,T20,"{by={runs=14}, winner=Pakistan}",20,[Bismah Maroof],Sylhet Stadium,Pakistan,Pakistan, Pakistan,bat
Colombo,2014-07-06,ODI,"{by={runs=75}, winner=South Africa}",50,[HM Amla],R Premadasa Stadium,South Africa, South Africa, South Africa,bat
,2014-07-09,ODI,"{by={runs=87}, winner=Sri Lanka}",50,[TM Dilshan],Pallekele International Cricket Stadium,Sri Lanka, South Africa, Sri Lanka,bat
Hambantota,2014-07-12,ODI,"{by={runs=82}, winner=South Africa}",50,[AB de Villiers],"Mahinda Rajapaksa International Cricket Stadium, Sooriyawewa",South Africa, South Africa, South Africa,bat
,"2014-07-16, 2014-07-17, 2014-07-18, 2014-07-19, 2014-07-20",Test,"{by={runs=153}, winner=South Africa}",,[DW Steyn],Galle International Stadium,South Africa, South Africa, South Africa,bat
Colombo,"2014-07-24, 2014-07-25, 2014-07-26, 2014-07-27, 2014-07-28",Test,{result=draw},,[DPMD Jayawardene],Sinhalese Sports Club Ground,draw, South Africa, Sri Lanka,bat
,"2014-08-06, 2014-08-07, 2014-08-08, 2014-08-09, 2014-08-10",Test,"{by={wickets=7}, winner=Sri Lanka}",,[HMRKB Herath],Galle International Stadium,Sri Lanka, Pakistan, Pakistan,bat
Colombo,"2014-08-14, 2014-08-15, 2014-08-16, 2014-08-17, 2014-08-18",Test,"{by={runs=105}, winner=Sri Lanka}",,[HMRKB Herath],Sinhalese Sports Club Ground,Sri Lanka, Pakistan, Sri Lanka,bat
Hambantota,2014-08-23,ODI,"{by={wickets=4}, method=D/L, winner=Pakistan}",50,[Sohaib Maqsood],"Mahinda Rajapaksa International Cricket Stadium, Sooriyawewa",Pakistan, Pakistan, Pakistan,field
Hambantota,2014-08-26,ODI,"{by={runs=77}, winner=Sri Lanka}",50,[NLTC Perera],"Mahinda Rajapaksa International Cricket Stadium, Sooriyawewa",Sri Lanka, Pakistan, Sri Lanka,bat
,2014-08-30,ODI,"{by={wickets=7}, method=D/L, winner=Sri Lanka}",50,[NLTC Perera],Rangiri Dambulla International Stadium,Sri Lanka, Pakistan, Pakistan,bat
Christchurch,"2014-12-26, 2014-12-27, 2014-12-28, 2014-12-29",Test,"{by={wickets=8}, winner=New Zealand}",,[BB McCullum],Hagley Oval,New Zealand,New Zealand, Sri Lanka,field
Wellington,"2015-01-03, 2015-01-04, 2015-01-05, 2015-01-06, 2015-01-07",Test,"{by={runs=193}, winner=New Zealand}",,[KS Williamson],Basin Reserve,New Zealand,New Zealand, Sri Lanka,field
Christchurch,2015-01-11,ODI,"{by={wickets=3}, winner=New Zealand}",50,[CJ Anderson],Hagley Oval,New Zealand,New Zealand, Sri Lanka,bat
Hamilton,2015-01-15,ODI,"{by={wickets=6}, winner=Sri Lanka}",50,[TM Dilshan],Seddon Park,Sri Lanka,New Zealand, New Zealand,bat
Auckland,2015-01-17,ODI,{result=no result},50,,Eden Park,no result,New Zealand, Sri Lanka,field
Nelson,2015-01-20,ODI,"{by={wickets=4}, winner=New Zealand}",50,[KS Williamson],Saxton Oval,New Zealand,New Zealand, Sri Lanka,bat
Dunedin,2015-01-23,ODI,"{by={runs=108}, winner=New Zealand}",50,"[GD Elliott, L Ronchi]",University Oval,New Zealand,New Zealand, Sri Lanka,field
Dunedin,2015-01-25,ODI,"{by={runs=120}, winner=New Zealand}",50,[CJ Anderson],University Oval,New Zealand,New Zealand, New Zealand,bat
Wellington,2015-01-29,ODI,"{by={runs=34}, winner=Sri Lanka}",50,[KC Sangakkara],Westpac Stadium,Sri Lanka,New Zealand, Sri Lanka,bat
Colombo,2014-11-26,ODI,"{by={runs=25}, winner=Sri Lanka}",50,[TM Dilshan],R Premadasa Stadium,Sri Lanka, England, England,field
Colombo,2014-11-29,ODI,"{by={wickets=8}, winner=Sri Lanka}",50,[DPMD Jayawardene],R Premadasa Stadium,Sri Lanka, England, England,bat
Hambantota,2014-12-03,ODI,"{by={wickets=5}, method=D/L, winner=England}",50,[JC Buttler],"Mahinda Rajapaksa International Cricket Stadium, Sooriyawewa",England, England, Sri Lanka,bat
Colombo,2014-12-07,ODI,"{by={wickets=6}, winner=Sri Lanka}",50,[KC Sangakkara],R Premadasa Stadium,Sri Lanka, England, England,bat
,"2014-12-10, 2014-12-11",ODI,"{by={wickets=5}, winner=England}",50,[JE Root],Pallekele International Cricket Stadium,England, England, England,field
,2014-12-13,ODI,"{by={runs=90}, winner=Sri Lanka}",50,[KC Sangakkara],Pallekele International Cricket Stadium,Sri Lanka, England, Sri Lanka,bat
Colombo,2014-12-16,ODI,"{by={runs=87}, winner=Sri Lanka}",50,[TM Dilshan],R Premadasa Stadium,Sri Lanka, England, Sri Lanka,bat
Colombo,"2014-10-17, 2014-10-18",ODI,{result=no result},50,,Sinhalese Sports Club Ground,no result, South Africa, Sri Lanka,bat
Colombo,2014-10-19,ODI,"{by={wickets=4}, winner=Sri Lanka}",50,[AC Jayangani],Sinhalese Sports Club Ground,Sri Lanka, South Africa, Sri Lanka,field
Colombo,2014-10-21,ODI,"{by={wickets=5}, winner=South Africa}",50,[T Chetty],Sinhalese Sports Club Ground,South Africa, South Africa, South Africa,field
Colombo,2014-10-23,T20,"{by={runs=7}, winner=Sri Lanka}",20,[HASD Siriwardene],Colts Cricket Club Ground,Sri Lanka, South Africa, Sri Lanka,bat
Colombo,2014-10-25,T20,"{by={wickets=7}, winner=South Africa}",20,[D van Niekerk],Colts Cricket Club Ground,South Africa, South Africa, Sri Lanka,bat
Colombo,2014-10-26,T20,"{by={wickets=9}, winner=South Africa}",20,[D van Niekerk],Mercantile Cricket Association Ground,South Africa, South Africa, Sri Lanka,bat
Incheon,2014-09-23,IT20,"{by={runs=82}, winner=Sri Lanka}",20,,Yeonhui Cricket Ground,Sri Lanka,Hong Kong, Sri Lanka,bat
Incheon,2014-09-25,IT20,"{by={runs=25}, winner=Bangladesh}",20,,Yeonhui Cricket Ground,Bangladesh,Bangladesh, Bangladesh,bat
Incheon,2014-09-26,IT20,"{by={wickets=5}, winner=Sri Lanka}",20,,Yeonhui Cricket Ground,Sri Lanka,China, China,bat
Incheon,2014-09-30,IT20,"{by={runs=117}, winner=Sri Lanka}",20,,Yeonhui Cricket Ground,Sri Lanka,South Korea, South Korea,field
Incheon,2014-10-02,IT20,{result=no result},20,,Yeonhui Cricket Ground,no result,Bangladesh, Sri Lanka,field
Incheon,2014-10-03,IT20,"{by={runs=68}, winner=Sri Lanka}",20,,Yeonhui Cricket Ground,Sri Lanka,Afghanistan, Sri Lanka,bat
Cuttack,2014-11-02,ODI,"{by={runs=169}, winner=India}",50,[AM Rahane],Barabati Stadium,India,India, Sri Lanka,field
Ahmedabad,2014-11-06,ODI,"{by={wickets=6}, winner=India}",50,[AT Rayudu],"Sardar Patel Stadium, Motera",India,India, Sri Lanka,bat
Hyderabad,2014-11-09,ODI,"{by={wickets=6}, winner=India}",50,[DPMD Jayawardene],"Rajiv Gandhi International Stadium, Uppal",India,India, Sri Lanka,bat
Kolkata,2014-11-13,ODI,"{by={runs=153}, winner=India}",50,[RG Sharma],Eden Gardens,India,India, India,bat
Ranchi,2014-11-16,ODI,"{by={wickets=3}, winner=India}",50,[AD Mathews],JSCA International Stadium Complex,India,India, Sri Lanka,bat
,2015-01-11,ODI,"{by={runs=12}, winner=Pakistan}",50,[Sana Mir],Sharjah Cricket Stadium,Pakistan,Pakistan, Pakistan,bat
,2015-01-13,ODI,"{by={wickets=7}, winner=Pakistan}",50,[Javeria Khan],Sharjah Cricket Stadium,Pakistan,Pakistan, Sri Lanka,bat
,2015-01-16,T20,"{by={runs=55}, winner=Pakistan}",20,[Sana Mir],Sharjah Cricket Stadium,Pakistan,Pakistan, Pakistan,bat
,2015-01-17,T20,"{by={wickets=5}, winner=Sri Lanka}",20,[AC Jayangani],Sharjah Cricket Stadium,Sri Lanka,Pakistan, Pakistan,bat
Colombo,2015-05-23,T20,"{by={runs=5}, method=D/L, winner=Sri Lanka}",20,[SS Weerakkody],R Premadasa Stadium,Sri Lanka, West Indies, Sri Lanka,field
Colombo,2015-05-25,T20,"{by={wickets=8}, winner=West Indies}",20,[SR Taylor],R Premadasa Stadium,West Indies, West Indies, Sri Lanka,bat
Colombo,2015-05-26,T20,"{by={wickets=9}, winner=West Indies}",20,[HK Matthews],R Premadasa Stadium,West Indies, West Indies, West Indies,field
,"2015-06-17, 2015-06-18, 2015-06-19, 2015-06-20, 2015-06-21",Test,"{by={wickets=10}, winner=Pakistan}",,[Sarfraz Ahmed],Galle International Stadium,Pakistan, Pakistan, Pakistan,field
Colombo,"2015-06-25, 2015-06-26, 2015-06-27, 2015-06-28, 2015-06-29",Test,"{by={wickets=7}, winner=Sri Lanka}",,[KTGD Prasad],P Sara Oval,Sri Lanka, Pakistan, Pakistan,bat
,"2015-07-03, 2015-07-04, 2015-07-05, 2015-07-06, 2015-07-07",Test,"{by={wickets=7}, winner=Pakistan}",,[Younis Khan],Pallekele International Cricket Stadium,Pakistan, Pakistan, Pakistan,field
,2015-07-11,ODI,"{by={wickets=6}, winner=Pakistan}",50,[Mohammad Hafeez],Rangiri Dambulla International Stadium,Pakistan, Pakistan, Pakistan,field
,2015-07-15,ODI,"{by={wickets=2}, winner=Sri Lanka}",50,[MDKJ Perera],Pallekele International Cricket Stadium,Sri Lanka, Pakistan, Pakistan,bat
Colombo,2015-07-19,ODI,"{by={runs=135}, winner=Pakistan}",50,[Sarfraz Ahmed],R Premadasa Stadium,Pakistan, Pakistan, Pakistan,bat
Colombo,2015-07-22,ODI,"{by={wickets=7}, winner=Pakistan}",50,[Ahmed Shehzad],R Premadasa Stadium,Pakistan, Pakistan, Sri Lanka,bat
Hambantota,2015-07-26,ODI,"{by={runs=165}, winner=Sri Lanka}",50,[MDKJ Perera],"Mahinda Rajapaksa International Cricket Stadium, Sooriyawewa",Sri Lanka, Pakistan, Sri Lanka,bat
Colombo,2015-07-30,T20,"{by={runs=29}, winner=Pakistan}",20,[Sohail Tanvir],R Premadasa Stadium,Pakistan, Pakistan, Pakistan,bat
Colombo,2015-08-01,T20,"{by={wickets=1}, winner=Pakistan}",20,[Anwar Ali],R Premadasa Stadium,Pakistan, Pakistan, Sri Lanka,bat
,"2015-08-12, 2015-08-13, 2015-08-14, 2015-08-15",Test,"{by={runs=63}, winner=Sri Lanka}",,[LD Chandimal],Galle International Stadium,Sri Lanka, India, Sri Lanka,bat
Colombo,"2015-08-20, 2015-08-21, 2015-08-22, 2015-08-23, 2015-08-24",Test,"{by={runs=278}, winner=India}",,[KL Rahul],P Sara Oval,India, India, India,bat
Colombo,"2015-08-28, 2015-08-29, 2015-08-30, 2015-08-31, 2015-09-01",Test,"{by={runs=117}, winner=India}",,[CA Pujara],Sinhalese Sports Club Ground,India, India, Sri Lanka,field
Leeds,"2016-05-19, 2016-05-20, 2016-05-21",Test,"{by={innings=1, runs=88}, winner=England}",,[JM Bairstow],Headingley,England,England, Sri Lanka,field
Chester-le-Street,"2016-05-27, 2016-05-28, 2016-05-29, 2016-05-30",Test,"{by={wickets=9}, winner=England}",,[JM Anderson],Riverside Ground,England,England, England,bat
London,"2016-06-09, 2016-06-10, 2016-06-11, 2016-06-12, 2016-06-13",Test,{result=draw},,[JM Bairstow],Lord's,draw,England, England,bat
Dublin,2016-06-18,ODI,"{by={runs=136}, winner=Sri Lanka}",50,,"The Village, Malahide",Sri Lanka,Ireland, Ireland,field
Nottingham,2016-06-21,ODI,{result=tie},50,[CR Woakes],Trent Bridge,tie,England, England,field
Birmingham,2016-06-24,ODI,"{by={wickets=10}, winner=England}",50,[JJ Roy],Edgbaston,England,England, Sri Lanka,bat
Bristol,2016-06-26,ODI,{result=no result},50,,County Ground,no result,England, England,field
London,2016-06-29,ODI,"{by={wickets=6}, method=D/L, winner=England}",50,[JJ Roy],Kennington Oval,England,England, England,field
Cardiff,2016-07-02,ODI,"{by={runs=122}, winner=England}",50,[JC Buttler],Sophia Gardens,England,England, Sri Lanka,field
Southampton,2016-07-05,T20,"{by={wickets=8}, winner=England}",20,[JC Buttler],The Rose Bowl,England,England, Sri Lanka,bat
Dunedin,"2015-12-10, 2015-12-11, 2015-12-12, 2015-12-13, 2015-12-14",Test,"{by={runs=122}, winner=New Zealand}",,[MJ Guptill],University Oval,New Zealand,New Zealand, Sri Lanka,field
Hamilton,"2015-12-18, 2015-12-19, 2015-12-20, 2015-12-21",Test,"{by={wickets=5}, winner=New Zealand}",,[KS Williamson],Seddon Park,New Zealand,New Zealand, New Zealand,field
Christchurch,2015-12-26,ODI,"{by={wickets=7}, winner=New Zealand}",50,[MJ Henry],Hagley Oval,New Zealand,New Zealand, Sri Lanka,bat
Christchurch,2015-12-28,ODI,"{by={wickets=10}, winner=New Zealand}",50,[MJ Guptill],Hagley Oval,New Zealand,New Zealand, Sri Lanka,bat
Nelson,2015-12-31,ODI,"{by={wickets=8}, winner=Sri Lanka}",50,[MD Gunathilaka],Saxton Oval,Sri Lanka,New Zealand, New Zealand,bat
Nelson,2016-01-02,ODI,{result=no result},50,,Saxton Oval,no result,New Zealand, Sri Lanka,field
Mount Maunganui,2016-01-05,ODI,"{by={runs=36}, winner=New Zealand}",50,[MJ Henry],Bay Oval,New Zealand,New Zealand, Sri Lanka,field
Mount Maunganui,2016-01-07,T20,"{by={runs=3}, winner=New Zealand}",20,[TA Boult],Bay Oval,New Zealand,New Zealand, Sri Lanka,field
Auckland,2016-01-10,T20,"{by={wickets=9}, winner=New Zealand}",20,[C Munro],Eden Park,New Zealand,New Zealand, New Zealand,field
,"2015-10-14, 2015-10-15, 2015-10-16, 2015-10-17",Test,"{by={innings=1, runs=6}, winner=Sri Lanka}",,[HMRKB Herath],Galle International Stadium,Sri Lanka, West Indies, Sri Lanka,bat
Colombo,"2015-10-22, 2015-10-23, 2015-10-24, 2015-10-25, 2015-10-26",Test,"{by={runs=72}, winner=Sri Lanka}",,[TAM Siriwardana],P Sara Oval,Sri Lanka, West Indies, Sri Lanka,bat
Colombo,2015-11-01,ODI,"{by={wickets=1}, method=D/L, winner=Sri Lanka}",50,[TM Dilshan],R Premadasa Stadium,Sri Lanka, West Indies, Sri Lanka,field
Colombo,2015-11-04,ODI,"{by={wickets=8}, method=D/L, winner=Sri Lanka}",50,[MDKJ Perera],R Premadasa Stadium,Sri Lanka, West Indies, West Indies,bat
,2015-11-07,ODI,"{by={runs=19}, method=D/L, winner=Sri Lanka}",50,[MN Samuels],Pallekele International Cricket Stadium,Sri Lanka, West Indies, Sri Lanka,field
,2015-11-09,T20,"{by={runs=30}, winner=Sri Lanka}",20,[SMSM Senanayake],Pallekele International Cricket Stadium,Sri Lanka, West Indies, West Indies,field
Colombo,2015-11-11,T20,"{by={runs=23}, winner=West Indies}",20,[DJ Bravo],R Premadasa Stadium,West Indies, West Indies, West Indies,bat
Lincoln,2015-11-03,ODI,"{by={runs=96}, winner=New Zealand}",50,,Bert Sutcliffe Oval,New Zealand,New Zealand, Sri Lanka,field
Lincoln,2015-11-05,ODI,"{by={wickets=10}, winner=New Zealand}",50,,Bert Sutcliffe Oval,New Zealand,New Zealand, New Zealand,field
Port Elizabeth,"2016-12-26, 2016-12-27, 2016-12-28, 2016-12-29, 2016-12-30",Test,"{by={runs=206}, winner=South Africa}",,[SC Cook],St George's Park,South Africa,South Africa, South Africa,bat
Cape Town,"2017-01-02, 2017-01-03, 2017-01-04, 2017-01-05",Test,"{by={runs=282}, winner=South Africa}",,[K Rabada],Newlands,South Africa,South Africa, Sri Lanka,field
Johannesburg,"2017-01-12, 2017-01-13, 2017-01-14",Test,"{by={innings=1, runs=118}, winner=South Africa}",,[JP Duminy],New Wanderers Stadium,South Africa,South Africa, South Africa,bat
Centurion,2017-01-20,T20,"{by={runs=19}, winner=South Africa}",20,[L Ngidi],SuperSport Park,South Africa,South Africa, Sri Lanka,field
Johannesburg,2017-01-22,T20,"{by={wickets=3}, winner=Sri Lanka}",20,[AD Mathews],New Wanderers Stadium,Sri Lanka,South Africa, South Africa,bat
Cape Town,2017-01-25,T20,"{by={wickets=5}, winner=Sri Lanka}",20,[N Dickwella],Newlands,Sri Lanka,South Africa, South Africa,bat
Port Elizabeth,2017-01-28,ODI,"{by={wickets=8}, winner=South Africa}",50,[Imran Tahir],St George's Park,South Africa,South Africa, South Africa,field
Durban,2017-02-01,ODI,"{by={runs=121}, winner=South Africa}",50,[F du Plessis],Kingsmead,South Africa,South Africa, Sri Lanka,field
Johannesburg,2017-02-04,ODI,"{by={wickets=7}, winner=South Africa}",50,[D Pretorius],New Wanderers Stadium,South Africa,South Africa, South Africa,field
Cape Town,2017-02-07,ODI,"{by={runs=40}, winner=South Africa}",50,[F du Plessis],Newlands,South Africa,South Africa, South Africa,bat
Centurion,2017-02-10,ODI,"{by={runs=88}, winner=South Africa}",50,[HM Amla],SuperSport Park,South Africa,South Africa, Sri Lanka,field
Kolkata,2016-03-17,T20,"{by={wickets=6}, winner=Sri Lanka}",20,[TM Dilshan],Eden Gardens,Sri Lanka,Afghanistan, Afghanistan,bat
Bangalore,2016-03-20,T20,"{by={wickets=7}, winner=West Indies}",20,[ADS Fletcher],M Chinnaswamy Stadium,West Indies, West Indies, West Indies,field
Delhi,2016-03-26,T20,"{by={runs=10}, winner=England}",20,[JC Buttler],Feroz Shah Kotla,England,England, Sri Lanka,field
Delhi,2016-03-28,T20,"{by={wickets=8}, winner=South Africa}",20,[AM Phangiso],Feroz Shah Kotla,South Africa,South Africa, South Africa,field
Delhi,2016-03-15,T20,"{by={wickets=7}, winner=New Zealand}",20,[SW Bates],Feroz Shah Kotla,New Zealand,New Zealand, Sri Lanka,bat
Mohali,2016-03-20,T20,"{by={runs=14}, winner=Sri Lanka}",20,[CJ Metcalfe],"Punjab Cricket Association IS Bindra Stadium, Mohali",Sri Lanka, Ireland, Sri Lanka,bat
Delhi,2016-03-24,T20,"{by={wickets=9}, winner=Australia}",20,[EJ Villani],Feroz Shah Kotla,Australia,Australia, Sri Lanka,bat
Bangalore,2016-03-28,T20,"{by={runs=10}, winner=Sri Lanka}",20,[AC Jayangani],M Chinnaswamy Stadium,Sri Lanka,South Africa, Sri Lanka,bat
Pune,2016-02-09,T20,"{by={wickets=5}, winner=Sri Lanka}",20,[CAK Rajitha],Maharashtra Cricket Association Stadium,Sri Lanka,India, Sri Lanka,field
Ranchi,2016-02-12,T20,"{by={runs=69}, winner=India}",20,[S Dhawan],JSCA International Stadium Complex,India,India, Sri Lanka,field
Visakhapatnam,2016-02-14,T20,"{by={wickets=9}, winner=India}",20,[R Ashwin],Dr. Y.S. Rajasekhara Reddy ACA-VDCA Cricket Stadium,India,India, India,field
Mirpur,2016-02-25,T20,"{by={runs=14}, winner=Sri Lanka}",20,[SL Malinga],Shere Bangla National Stadium,Sri Lanka, United Arab Emirates, United Arab Emirates,field
Mirpur,2016-02-28,T20,"{by={runs=23}, winner=Bangladesh}",20,[Sabbir Rahman],Shere Bangla National Stadium,Bangladesh,Bangladesh, Bangladesh,bat
Mirpur,2016-03-01,T20,"{by={wickets=5}, winner=India}",20,[V Kohli],Shere Bangla National Stadium,India,India, India,field
Mirpur,2016-03-04,T20,"{by={wickets=6}, winner=Pakistan}",20,[Umar Akmal],Shere Bangla National Stadium,Pakistan,Pakistan, Pakistan,field
,"2016-07-26, 2016-07-27, 2016-07-28, 2016-07-29, 2016-07-30",Test,"{by={runs=106}, winner=Sri Lanka}",,[BKG Mendis],Pallekele International Cricket Stadium,Sri Lanka, Australia, Sri Lanka,bat
,"2016-08-04, 2016-08-05, 2016-08-06",Test,"{by={runs=229}, winner=Sri Lanka}",,[MDK Perera],Galle International Stadium,Sri Lanka, Australia, Sri Lanka,bat
Colombo,"2016-08-13, 2016-08-14, 2016-08-15, 2016-08-16, 2016-08-17",Test,"{by={runs=163}, winner=Sri Lanka}",,[HMRKB Herath],Sinhalese Sports Club Ground,Sri Lanka, Australia, Sri Lanka,bat
Colombo,2016-08-21,ODI,"{by={wickets=3}, winner=Australia}",50,[JP Faulkner],R Premadasa Stadium,Australia, Australia, Australia,field
Colombo,2016-08-24,ODI,"{by={runs=82}, winner=Sri Lanka}",50,[AD Mathews],R Premadasa Stadium,Sri Lanka, Australia, Sri Lanka,bat
,2016-08-28,ODI,"{by={wickets=2}, winner=Australia}",50,[GJ Bailey],Rangiri Dambulla International Stadium,Australia, Australia, Sri Lanka,bat
,2016-08-31,ODI,"{by={wickets=6}, winner=Australia}",50,[JW Hastings],Rangiri Dambulla International Stadium,Australia, Australia, Sri Lanka,bat
,2016-09-01,ODI,"{by={wickets=5}, winner=Australia}",50,[DA Warner],Pallekele International Cricket Stadium,Australia, Australia, Sri Lanka,bat
,2016-09-06,T20,"{by={runs=85}, winner=Australia}",20,[GJ Maxwell],Pallekele International Cricket Stadium,Australia, Australia, Sri Lanka,field
Colombo,2016-09-09,T20,"{by={wickets=4}, winner=Australia}",20,[GJ Maxwell],R Premadasa Stadium,Australia, Australia, Sri Lanka,bat
